NUM,EXPECTED,C1F54B_qwerty,# characters,edit distance
1,我叫做,到叫做,3,1
2,一九五四年出世,一九五四連出細,7,2
4,五十五咯,耳U五囖,4,3
5,原本家庭定宜家吖,圓本家停平而家啊,8,5
6,宜家有,而家馬,3,2
8,叫做,叫做,2,0
9,六,錄,1,1
11,六個咯,六個囖,3,1
12,我喇我丈夫喇,倒呀我象U呀,6,5
13,我三個孩子喇,我三個孩子呀,6,1
14,然後我個,斷後我個,4,1
15,奶奶喇,奶舐呀,3,2
16,我原生家庭呢就,倒然身嘉停囖就,7,6
17,有啊四兄弟姊妹喇,有啊四興U姊妹啊,8,3
18,我爸爸媽媽喇,我爸巴嫲媽里,6,3
19,啊我就唔係我爸爸媽媽帶大個喔,我唔就唔係我爸巴嫲媽戴大個喎,14,6
20,我舅父妗母,到舅父搇冇,5,3
21,帶帶大我所以就,戴戴大我所以就,7,2
22,變咗好似係,變咗好至係,5,1
23,三個人咁咯啫係我唔係同果啲兄弟姊妹一起大咯,三個人噉囖爹係我唔係同嗰啲興U姊妹一齊大囖,21,8
25,我系正中間嘅我有哥哥有家姐有細佬有妹,到係正沖間嘅到有嗰個家姐有細佬有妹,18,7
26,香港,張董,2,2
27,香港嘅,張董嘅,3,2
28,嗯啲大廈咯,啲大廈囖,5,2
29,果啲,嗰啲,2,1
30,我移民係,倒移民係,4,1
31,其實第一次嚟讀書係一九七五年,其實U一至離讀書係一九七五連,14,4
32,但係七八年之後我就翻返香港然後八零年再移民嚟一直到宜家喇,但係七八連之後我就返返張董豆八連嘴移民個離一直到而家啊,28,13
33,因為我哋系呢邊讀住書,因為我哋係利邊讀住書,10,2
34,所以返香港之後好想返嚟呢到做工作咯,朵二返張董就好選返來利度做工,17,12
35,唔難啊因為嚟過系到讀過書啊嘛,唔欄啊因咪離個底度讀個書马,14,9
36,讀書果時呢好,讀書嗰陣時哩會,6,4
37,後生啊嘛年青啊嘛就唔覺得難咯,後生惡马連蒸啊就唔覺得蘭囖,14,7
38,邊種故事,癲種故時,4,2
40,凍咯初初覺得呢到係好凍,凍囖錯錯覺得U度喺好凍,11,6
41,一七五年嚟讀書,一七五連離讀書,7,2
42,都未開學未,都尾海U咪,5,4
43,病咗咯,柄咗囖,3,2
44,果陣時少少淒涼咁咯咁後來識咗好多朋友唔覺得好慘嘅,朵陣時少少擠兩噉嘍抌厚來熄咗好多朋友唔係覺得好慘嘅,24,9
45,初時就係大學,多時就大學,6,2
46,新嚟果啲學生咯,新離嗰啲學生囖,7,3
47,後來就識到,遊袋就識倒,5,3
48,大學嘅基督徒團契果啲,大學嘅基督圖團契嗰啲,10,2
49,朋友咯,朋友囖,3,1
50,都好多大部分都中國人啊其實因為新嚟果時其實就係因為,都好多大寶饭都係終角人其實蚊為新離趕時其實因為,25,11
51,有適應嘅問題呢都,有飾應嘅問題嘍都,8,2
52,雖然寫嘅英文冇問題但係講嘅英文咧就,暑紧寫嘅英文冇問題但係講嘅英文哩就,17,3
53,啫係同本地人梗係差啲喇,遮係同本地人擦啲喇,11,4
54,咁所以好多時都接觸到啲,抌所以好多時都接竹到啲,11,2
55,香港嚟嘅中國人喇,張洞離嘅中角人囖,8,5
56,啊西人朋友都都有嘅不過唔算多咯,西人朋友都都有嘅八過唔算多囖,15,3
57,哈都比較其實係狹窄啲咯個圈子,大都比教其實係入U啲嘍個圈至,14,6
58,你講果陣時,離講嗰陣時,5,2
59,主要都係學生咯哈所有都係學生嚟哈,都係學生囖𠻺所幼都係學生離盒,16,7
60,係會去去嘎真係會煮啊煮,係會去去話者係會煮暗煮,11,3
61,煮餸食啊,煮送食啊,4,1
62,焗蛋糕啊煲煲糖水啊,讀蛋糕啊煲煲糖水啊,9,1
63,咁有時去行街啊同啊,抌有時去閒計啊噉,9,5
64,行街啊咁咯,閒雞啊噉囖,5,4
65,咁後來我信咗耶穌之後咁好多時都系教會有,抌喉例我信咗耶穌之後噉好多時都係教會都有,19,6
66,一啲嘅,一啲嘅,3,0
67,嘅啊啫係果啲咁咯,嘅案爹係嗰啲噉囖,8,5
68,故事啊,堵時,3,3
70,都有啲特別㗎有一次,都有啲特別啊到一至,9,3
71,因為我同我因為我係讀嘅下社會學,因為我同我丹為我哋讀嘅拿社會學,15,3
72,咁啊有去,抌又去,4,3
73,啲社工屋企訪問下佢哋咁咯,啲社工屋企房文蝦佢哋噉囖,12,5
74,咁有一次同埋另外一個同學去佢都係讀咯,抌有至同咪U外嗰個同學去隊都係讀囖,18,8
75,咁就,抌就,2,1
76,夜晚好夜喇因為要響,夜晚好夜呀因咪要U,9,3
77,好似去到果頭然後翻返去,好子去到嗰頭多猴返返去,11,5
78,大學咯咁成十點幾十一點哈,大學囖抌成U點幾U一點U,12,5
79,咁就去到地鐵站果陣時呢,抌就去到地鐵站嗰U時U,11,4
80,就冇咩人㗎喇已經,就冇咩人嘅啊已勁,8,3
81,但係我留意到有個男仔就,但係我留意都有個藍仔就,11,2
83,咁喇哈,噉喇哈,3,1
84,佢又唔係去等唔係企埋個巴士站等車佢係企系個,佢又唔係去等唔係企买個巴士站等車隊係企個,21,3
85,電話亭果到唔知佢等乜喇,電話疼嗰度唔知佢等乜啊,11,4
86,但係到我哋上車果陣時佢又,但係到我哋想車嗰陣時佢又,12,2
87,上走埋上車喎,走买想車喎,6,3
88,咁果架車呢就去好少人嘅因為夜喇,抌嗰一個車U就去好少人嘅夜啊,15,8
89,咁唔知得我哋三個人㗎咋,抌唔知得我哋殺個人咋,11,3
90,我同我同學同埋果個男仔,到桶我桶學同咪嗰個藍仔,11,6
91,咁一路即刻我就發覺佢一路好似睇報紙咁嘅聲嘅嘶嘶沙沙咁,抌一路囖我就U覺佢係度係度好至睇報紙噉嘅聲自指事塞噉,26,16
92,我哋坐系前面佢坐系我哋後面啫係佢望住我哋喇係唔係,到哋坐喺前邊佢坐喺後便噉遮係佢U住我哋嚹係唔係,24,11
93,咁後來我哋已經過咗成廿零三分鐘先因為好遠喇由要,抌後例我哋已堅個咗淨二啊U嚹啊返中因為好願囖又要,23,15
94,去到,去到,2,0
95,同,同,1,0
96,啊去到去到都幾遠啊,哪去到都幾願啊,9,4
97,佢又冇落車喎,裏又冇咯車喎,6,2
98,但係去到就近呢,但係去到就裙囖,7,2
99,我就,我就,2,0
100,就嚟到學校㗎都,就黎到學校嘅都,7,2
101,咁我就我有啲咧覺得有啲唔係幾妥喇,抌我就我有啲U覺得有啲唔係幾U啊,16,4
102,咁,抌,1,1
103,我哋個站本來就係,我哋個站就本代就係,8,2
104,之後一個站先係,之後一個站先係,7,0
105,大學,大學,2,0
106,但係呢,但係囖,3,1
107,我就,我就,2,0
108,示意俾我果個朋友果個女仔朋友呢,試比我個朋友個旅仔朋友,15,7
109,啊我果陣時都涼涼凍凍哋喇又唔係好大唔係冇落雪嘅,啊我嗰U時都冷兩凍董哋,23,17
110,啊著衫起身啫係係好似落車咁嘅樣喇,著殺起身爹係去好至落車噉嘅樣啊,16,7
111,咁果個司機都以為我哋落車喇,抌個司機瀉以為我哋落車囖,13,4
112,咁我哋就系車頭落車,抌我哋就喺車頭樂車,9,3
113,但係我哋冇真係落去啊就想落車咁嘅樣咋司機停咗架車吶,但係我哋冇真係落去啊我哋想落車噉嘅樣咋啲機平咗個車落,25,7
114,咁果個男士咧,噉嗰個藍時哩,6,5
115,就響中間落一中間一落車企落去果道門咪打開嘅,就响中間落東揀嗰度落車個門唔係打蓋嘅,21,13
116,咁佢落咗去咯咪諗住我哋落嘎了嘛係咪但係我哋咧,抌佢落咗去囖抌住我哋落個马但係我哋囖,22,10
117,佢落咗去之後咧我哋就即刻冇落車,落咗去之後誒到哋即U冇落車,15,5
118,咁司機就閂車就走人喇就就開車,抌司機就散車就走人啊就蓋車,14,5
119,咁我見到果個男人咧,抌我見都嗰個藍人U,9,5
120,東張西望咁啫係覺得喂點解你哋唔係落車嘅,當香西望噉姐係覺得嚹理哋唔係落車嘅噉,19,9
121,咁後來我哋過咗一個站喇成個站咁個車喇都快冇人喇,抌猴例我哋個咗一個站啊名個站,23,15
122,佢有冇跟嚟我唔知,佢有冇間離我唔知,8,2
123,但我哋兩個咧飛快狂跑返去宿舍咯,但係我哋兩個哩飛塊罐U去縮U囖,15,9
124,因為哩個人咧肯定咧有唔係好嘅企圖啊,因為利個人哩恆廳瀉有唔係好嘅味道啊,17,7
125,因為,因為,2,0
126,佢都唔係有目的地都唔知佢想去邊,裏都唔係有目的地都唔知道佢想去邊,15,2
127,咁跟住我哋上車已經好可疑,抌間住五哋上車美哋好可以,12,6
128,但係如果我哋唔早啲醒目啲咧,但係而個哋唔早啲醒U啲囖,13,5
129,響,林,1,1
130,落車果度又一起落咧咁我諗我哋都會有啲麻煩咯唔知有咩事發生,落車嗰度又一齊落囖噉我林哋都有啲咪饭囖U有咩時發放啊,28,15
131,好靜嘎果陣時,好靜啊嗰時,6,3
132,大學去到嘅邊邊嚟噶,有豆去到個邊邊咩啊,9,5
133,周圍,第慧,2,2
134,北面都係啲,筆便都係啲,5,2
135,農地咧咧嚟冇人嘅其實,晾地哩哩理冇人個離殺,10,7
136,到十點幾十一點根本就冇人,U點幾U一點金本就冇人,12,4
137,咁咪就好危險咯,抌啊就好危點囖,7,4
138,但係果次好似有啲咧覺得唔妥就要,但係嗰至好至有啲惡覺得唔拖就要,15,5
139,咁我所以,抌我所以,4,1
140,詐諦落車呃咗果個人落車其實就,詐諦落車U咗嗰個人落車其殺就,14,3
141,咁哩個其實咧我一世都記得咧係好難忘嘅一個,噉利個我哋就哩我一西都記得係好欄望嘅一個,20,10
142,經歷咯,經力囖,3,2
143,哈,大,1,1
144,我一直都冇去過第個城市住我覺得係我好鍾意呢度喇雖然有去過第度,到一直都冇去個低兒個成屎住我覺得係到好鍾意利度啊啲然哩去到带度,30,13
145,啫係做遊客啊探望啊咁有啲地方都好靚嘅,遮係做遊客啊探U啊噉有啲地方都好另𠸏,18,5
146,本身都有好多靚嘅地方,本身有好多另嘅地方,10,2
148,我都覺得大致上,我都覺得带至上,7,2
149,多倫多人都算係,多断多人都算係,7,1
150,都算係友善㗎喇唔係好差㗎喇,都算係有算囖啊唔為好差個,13,7
151,啊,誒,1,1
152,大城市又唔可以,當然大成市唔可以,7,4
153,期望過高喇哈,奇蒙個高囖黑,6,5
154,因為都唔同種族嘅人系度,因為都唔同種逐嘅人喺度,11,2
155,有啲人都唔會亂咁幫你講嘢嘅,有啲人都唔會亂噉幫理講嘢啊,13,3
156,佢又唔係細嘅仔哈,裏有唔咪細嘅仔U,8,4
157,但但係大致上我系到啲我系到生孩子個個都系到大我唔,大大至上我係度啲我係度生咪只我喺度大我唔,24,15
158,啫係我唔覺得呢到城市係,遮係我唔覺得利個成市係,11,4
159,好啊咁咯哈,好暗噉囖黑,5,4
160,因為我知有啲更過我哋又有,因為我知有啲又U我哋又有,12,2
161,有啲更,有啲間,3,1
162,啫係,遮係,2,1
163,混亂過呢個城市有啲係聽聞美國有啲大城市都係好撈攪,韞亂個利個成市听文啲哋咯啲大成市有啲都係好U較,24,17
164,當然有時睇報紙都睇到呢到係,當然有時睇報紙睇倒利度係,13,4
165,好多罪案啊好多事但係都,好多罪岸暗好啲時但係都,11,4
166,系幾百萬人一個嘅城市當中咧已經唔算覺得太差喇哈,喺幾八舋一個成市當中囖已經唔算角得太擦嘍U,23,11
167,咁,抌,1,1
168,中國人越來越多喇呢到參唔多係佔,終角人U離U多啊利度啲唔多係轉,15,10
170,嘅宜家變咗,嘅而家變咗,5,1
171,第一添,嚟一掂,3,2
172,本來就唔係宜家變咗第一咁,典袋U唔係啊而家變咗U一感,12,7
173,周圍都好似碰到中國人咁,兜圍都好至中角人噉,11,6
174,啫係我我怕怕咗太多中國人我覺得宜家太多中國人咧係撈攪咗啲,爹係我我怕怕咗太多終角人到覺得而家太多中角人哩係U救咗啲,28,9
175,因為本地西人有好多嘅優點嘅,因為本地嘅西人有好多嘅U點嘅,13,2
176,仲似乎中國人就帶咗好多啲中國嘅,通照因為佢哋戴咗好多中角嘅,15,10
177,最唔好嘅嘢嚟,對唔好嘅嘢離,6,2
178,其實佢可以帶中國好多好好嘅嘢嚟,離殺佢可以戴終角好多好嘅嘢離,15,7
179,佢宜家就對呢個社會咧其實有一啲唔好嘅影負面嘅影響,好暗就對利個社會U其殺有一啲唔好嘅U面嘅影響,24,8
180,啫係好似系中國咁有啲人會亂咁,爹盒喺中角噉有啲人會冇噉,14,9
181,其實都唔止中國我見第啲民族都有唔係淨係淨係中國,其殺都唔止終角到見來U啲文逐都有唔係淨係中角,23,11
182,亂隨地亂咁吐痰喇佢哋一啲都唔覺得肉酸嘅,著哋亂咁兔淡啊裏哋一啲都唔覺得U酸嘅,19,8
183,咁又有啲人有啲細路系街邊又周圍去小便嘅都有好醜怪嘅啫香港就冇人咁做嘅,抌有啲人又啲細老係嗰度計變又周為去小邊嘅抌啊又好走怪囖爹係張U謝冇人噉做嘅,34,22
184,但係因為可能啫,但係因為可浪遮係,7,3
185,中國大陸嘅,中角大落嘅,5,2
186,教育啊各方面啫大城市或者都冇㗎我唔知,教肉啊嗰方面大成市哇姐鬚冇個我唔知,18,8
187,果啲人或者小小鎮嚟佢哋真係,鼓啲人華華這小震離佢哋真係,13,6
188,隨地都得嘅咁樣哈,最勁都得個噉樣U,8,5
189,咁呢啲我見到就好覺得好唔舒服咯哈,抌利啲我見倒就好覺得好唔舒服囖U,16,5
190,咁都,抌都,2,1
191,都係要時間教育咯因為佢哋啲孩子都系到去返學,揀係要時間救肉囖丹為佢哋啲蟹只係度去返學,21,10
192,我諗佢哋都會學到咧冇人做啲咁嘅嘢嘅,老淋佢都學度哩冇人做噉嘅嘢囖,17,9
193,但係佢哋要轉頭教返佢啲父母,但係佢哋要轉U教U啲父冇,13,4
194,但係有啲有啲好細㗎佢唔知原來咁係唔剛,但係有啲有啲好細對唔知道噉樣唔U啊,18,8
195,咁大致上呢個城市係我我喜愛咯所以我冇諗過搬去第度,抌大至上利個成市喺我起愛囖朵以我冇林個搬去袋U度,24,13
196,哈,大,1,1
197,咁,抌,1,1
198,同埋,同咪,2,1
199,自從我,字仲我,3,2
200,生完孩子之後我都冇做工然後,閂願械子之後我都冇做工然後後代,13,5
201,到我最細嘅孩子,到最細個校子,7,3
203,歲兩果時果陣時係年我,最嗰U時係一九八八連嘍,10,10
204,入咗政府省政府做工到宜家我冇,垃咗政府殺政府做工到而家冇,14,4
205,咁啫係我都未試過真正失業喇咁,噉我都尾試個真UU業啊,14,9
206,咁哩個城市都唔係好差啫係如果我冇工做咁可能慘啲喇,噉里個成市都唔係好擦爹係如果我冇公做可U慘啲囖,24,9
207,哈,大,1,1
208,咁亦都,抌亦都,3,1
209,有好多人都靠一啲救濟啊咁樣,好多人都教一啲扣掣啊噉樣,13,5
210,但係啫係我系政府入面做都覺得都,但係遮係我係政府對變做覺得都,15,5
211,覺得都盡咗去做政府嘅責任咯需要,佢哋都着做咗政府嘅責任囖,15,9
212,要,要,1,0
213,做嘅就要做,做嘅就要做,5,0
214,咁,噉,1,1
215,都係一個有有愛嘅有情嘅一個城市唔係話一個好,都係一個有有愛嘅有成嘅一個成市唔係話一個好,21,2
216,好冷嘅好,好爛嘅好,4,1
217,啫係咩都唔會理嘅啲政府嘅一個城市咯咁我都,遮係咩到唔會彌嘅啲政府嘅一個成市囖抌我都,20,6
218,哩個地方咯因為,哎個地方你囖因咪,7,4
219,我,我,1,0
220,感受緊好多嘅自由啊,噉U揀好多嘅字油,9,6
221,咁有宗教自由,抌有中較字油,6,5
222,有行動自由,有恆動字油,5,3
223,我又唔會覺得我時時會俾人系到監監視住咯好似,我唔會覺得我蝕少俾人係度U時住,21,12
224,哩啲係人身自由係好重要咯,呢啲係人身自油係好重要囖,12,3
225,哈,大,1,1
226,好多第啲地方唔係一定得到哈,倒多地方唔係一停得到U,13,5
227,雖然係原本嚟嘅香港地方都係一個好自由嘅地方,到現係願本離嘅張噹地方都係一個好自油嘅地方,21,7
228,哈果度呢又實情太多人喇,二嗰度囖又太多人喇,11,5
229,香港本身有住得人呢到啲城市大約,張董本U有最帶里個成市帶約,15,11
230,有三倍,有殺貝,3,2
231,咁多人咁我,咁多人噉我,5,1
232,我又怕咗太多咁唔係幾好喇哈,我怕咗太多噉又唔係幾好啊,13,5
233,呢到我有好多嘅,爹係利度我又好多嘅,7,5
234,空間啊譬如放假可以去一啲好,空間啊秘如放假可以去一啲好,13,1
235,好靚嘅果啲,好另嘅嗰啲,5,2
236,公園啊湖濱果啲,公園暗度涼,7,5
237,唔會覺得逼個咯哈,唔會覺得逼個囖U,8,2
238,啫係仲有好多地方好都未去過哈,爹係同有好多地方我都尾去個黑,14,6
239,釣魚嘅地方大把爬艇嘅地方好多好多哈咁,跳魚嘅地方U疼嘅地方好多好多U噉,18,7
240,做我覺得,做我覺得,4,0
241,整體嚟講咧我,整解離講瀉我,6,3
242,對多倫多本身,對多动多本新,6,2
243,或者安大略省咧,話者安大路生囖,7,4
244,我都覺得係,我都覺得係,5,0
245,一個可以安樂,不過可以安樂,6,2
246,嘅居住嘅地方,住個地方,6,3
247,我住哩去咧都住到一,到姐利區囖都住咗一,9,6
248,由十幾年由年開始,有U幾連又一九九一連海指,8,11
249,呢到係喇呢到好近,啲度係呀因為利度好近,8,7
250,一啲啊有一啲嘅都幾,一啲啊又一啲嘅都幾,9,1
251,出名嘅小學嘅,出名嘅小學嘅,6,0
252,咁啲人都斯斯文文因為,抌啲人都獅斯問問因為,10,4
253,鄰居隔離左右咧都,凡區夾離咗右都,8,5
254,都住咗好耐了好多都當然有啲新搬入嚟㗎哈,都住咗好袋好多都當然有啲新離啊,19,7
255,但係好多都,但係好多都,5,0
256,係小家庭啊,係小嘉停啊,5,2
257,我知呢區就唔係話係好嘅富有嘅一區,我知利區謝唔係話係好有褲有嘅區,16,5
258,但係個個人都勤力做工係,但係個個人都海做公係,11,3
259,啫係,遮係,2,1
260,出面嘅花園咧都會放一啲心機落去整好佢,出便嘅花園U都我要放好嘅心幾整好佢,18,9
261,又冇嘢太靚但係咧又唔係太醜怪,U唔會太聖但係囖又唔係太酒U,14,7
262,啫係我覺得係中等嘅一個區,爹係我覺得係中糖嘅一個區,12,2
263,咁我自己都係喇我又,抌我自己都係呀我夜,9,3
264,比上不足比下有餘所以,俾有而鎖以,10,8
265,我都唔錯係鍾意呢呢區我自己幾鍾意,到我都唔個嘅鍾意利區到自己幾鍾意,16,6
266,最近有搬諗過搬走因為我哋五廿幾歲喇嘛,最間有搬林個搬走因咪我哋五啊幾歲暗马,18,7
267,骨頭一啲痛喇膝頭一啲痛喇所有又唔種得幾多花,U頭有啲騰啊殺頭有啲騰啊咗二唔中得幾多发,21,13
268,唔係鏟咗好多草,豆唔係鏟得好多組,7,3
269,鏟雪又仲慘啲添周身骨痛,蛋雪就重慘啲店兜新骨騰,11,7
270,係想搬嘅,第想搬嘅,4,1
271,但係呢暫時你知呢一兩年果啲,但係啊慘時哩之利一兩連嗰啲,13,7
272,經濟不景樓價又啫係好好,經掣八竟油𡃉又啫係好好,11,5
273,好低迷本嚟買屋就好但係,好梯卖篤勢買屋就好但係,11,4
275,都要諗下買邊到咯,都要林阿買邊度囖,8,4
276,咁因為我有老人家系屋企我要,抌又因為我有個老人家係屋企噉我要,13,5
277,睇下搬去邊到先至係最好,睇下搬去邊度先至最好,11,2
278,同埋有一個最大問題如果我搬咗間細啲嘅屋咧,同咪有個最大嘅問題如果搬咗一間細啲嘅屋囖,20,6
279,我三個孩子咧都未結婚過喔,我殺個喊子哩都尾結返個喎,12,7
280,咁佢哋走返嚟之後唔知佢哋去邊到住,抌佢哋就U來之後唔知佢哋係邊度住,16,6
281,咁所以唔敢郁住,抌所以唔敢郁字,7,2
282,咁,抌,1,1
283,都未來幾年幾年咧會,都尾U幾幾連U便囖會,9,7
284,打算搬屋嘅,答算搬屋個啊,5,3
285,我啲鄰居係啊好多時都有啲都十年八年以上見到佢哋嘎啦,到啲乱居係啊好多時都有啲都U連八連見到佢哋啊,25,9
286,仲有啲係未結婚到結婚都生細路仔都大嘎啦咁,有啲係美結婚又結婚三啤啤細U仔都大囖噉,20,10
288,都識就唔識得曬喇大城市真係就算同一個人同一條街都識唔得曬,都識就唔識得細呀但係成市張係就算同一條雞哩都識唔得細嘅,28,14
289,但係都大家,但係都,5,2
290,大家都,带家都,3,1
291,尊重大家相安無事咯啫係唔會有咩多事幹,都同大家上放幅時囖爹係唔通有咩多時罐,18,11
292,冇咩撈攪嘢哈,冇咩瘦救嘢,6,3
293,咁,抌,1,1
294,隔離有有韓國人我仲第二邊隔離有中國人自己教會嘅添,格U有有U咯人我重來而邊隔離有中角人係自己嘅較會U,24,13
295,咁大家都好信得過大家啫係就算我哋出埠都話比大對方聽,抌大家都好信得個大家姐係就算我哋出浮都話俾听,25,9
296,唔會驚住話一話咗俾人聽就會俾人爆破咁咯,唔會驚住話一話鼻人听會俾人U破噉囖,19,7
297,呢個我諗都好難得嘎啦,啲我林都好欄得嘍啊,10,6
299,會㗎我記得果次水浸哩到哩到因為係低嘅地方,會架到記得嗰至水慘啲度利度因咪係低嘅地方,20,10
300,哈果度一路啲水流落去,二嗰度啲水一路漏落離,10,8
301,咁大家都,抌大家都,4,1
302,會,會,1,0
303,幫助大家嘅,幫座大家嘅,5,1
304,哈因為,U因為,3,1
305,果陣時果啲水位,嗰陣時個水喂,7,4
306,真係,真係,2,0
307,整到好多啊果啲嘢咯咁我哋都,整倒好多啊嗰啲嘢囖噉抌我哋都,13,5
308,又幫隔離,又幫甲梨,4,2
309,提醒佢幾時去,睇醒佢幾時去,6,1
310,去報啲啊賠賠償啊,去煲啲啊背上啊,8,4
311,隔離又提醒幾時到期去聽,U離又提醒幾時到旗去听,11,3
312,去果度聽嘢聽清楚佢哋幾時有啲嘢做咁樣,去嗰度聽嘢叮蒸咗佢哋幾時有咩嘢做噉樣,18,6
313,哩啲都係,啲啲都係,4,1
314,鄰居可以互相幫助嘅一啲地方咯,凡居可以物雙幫座一啲地方囖,14,6
315,有時邊個去咗,有時邊個去咗,6,0
316,旅行我哋要幫佢哋去攞信啊,例行我哋要幫佢哋攞信啊,12,2
317,仲有個個前門啊,掃嘔個個前門啊,7,2
318,果啲草地大家都係嘅,躲啲早地大家都係嘅,9,2
319,咁如何我哋得閒又幫佢剪埋佢喇佢得閒又成日幫我哋剪埋,噉如果我哋搭合來幫佢錢咪佢啊佢哋痕有時就幫我哋錢咪,25,15
320,咁哩啲都係好少少嘅事大家又可以表示一啲關心愛心哈,抌利啲都係好少少嘅時但係大家又可以普時一啲關心愛心奶,24,8
321,咁,抌,1,1
322,又又又未試過有嘢嗌交咁亦都有一次咧,又又又試個有嘢嗌高啊哋家有一次哩,17,7
323,好奇怪我細女咧就俾人偷咗佢果啲,好奇盔倒細裏囖就俾人偷咗啲,15,6
324,佢啲證件,佢啲正件,4,1
325,就其實系入邊嘅,其殺係垃便嘅,7,5
326,佢做梗工果時定偷咗都唔知,隊做揀公嗰U時人哋偷咗都唔知,12,7
327,咁奇怪果日咧,抌奇盔嗰日囖,6,4
328,有個人咧就執到,有人瀉就U倒,7,4
329,佢打電話,裏打掂畫,4,3
330,但係佢搵嘅咧就咧搵到我,但係佢玩個惡就哩玩咗我,11,6
331,同我細女一樣名嘅人咧其實住我又隔幾間屋嘅,同我細一樣明嘅人U其殺係住我夾夾幾間屋嘅,20,7
332,咁佢又打電話嚟搵,抌啊打掂畫離玩,8,7
333,就唔係打咗嚟呢到因為佢搵咗果個果家人咧就打咗去果度同我細女一樣名嘅,就唔係打咗離利度因為佢搵咗嗰嗰加人哩就打咗嗰度同我細一樣名嘅,33,11
334,咁,抌,1,1
335,好在因為咁咧因為如果果個係西人嚟嘅打嚟我哋屋企咧我我老人家唔識聽唔識講英文,好在因咪噉U因咪如果嗰個西人來嘅打來我哋屋企U我我老人家唔識听唔識講英文,37,10
336,佢就打咗去果家果家果個女仔同我個女一樣嘅個女仔就系屋企,隊就打咗去嗰間朵間嗰個裏仔同我裏養嗰個裏仔就係屋企,27,14
337,咁佢就話冇啊我冇唔見,抌佢就話冇啊我冇唔見,10,1
338,咁啊唔知係唔係我隔離,抌啊唔知係唔係我夾梨,10,3
339,隔幾街果個,夾幾間嗰個,5,3
340,果個唔見咗張卡,攞個唔見咗,7,3
341,好好奇妙奇妙得真奇妙咁終於就,倒好奇妙真奇妙抌鍾意就,14,7
342,所以果個,所意嗰個,4,2
343,隔離個屋個女仔就識講中文就打嚟呢到問啊嬤嬤係咪,夾離個屋嗰個裏仔就識講中文就打來利度問啊嫲咪係唔係,23,10
344,你個孫唔見咗卡但係我嬤嬤根本就不知道咩事發生,李個酸唔見咗咭但係我嫲嫲金本都唔知道咩時法生,22,10
345,就通知我哋咁,又通知我哋噉,6,2
346,終於就係,終於就係,4,0
347,去到翻返去到有人執到,去到返返去有人U倒,10,4
349,抌咗響,就等咗響,3,2
350,果個響果個哋果度喇,嗰個嗰啲嗰度呀,9,7
351,咩乜乜,咩乜乜,3,0
352,果啲地方,嗰啲地方,4,1
353,啊,得,1,1
354,我覺得幾奇怪喔,到覺得幾奇盔喎,7,3
355,同條街有個人同名同姓先至好笑,冬條雞有人同蒙同放先好笑,14,6
356,但係咧又最奇怪就係佢哋執卡咧佢整錯咗以為佢嘅點知係我哋,但係哩又最其U就係佢七咳囖佢整錯咗己為佢嘅點知係我哋,27,8
357,咁終於又搵得返個喔真係奇怪,噉鍾意又搵得返喎真係奇盔呀,13,7
359,哩件事係我哋覺得好好笑,啲見時係我哋覺得好好笑,11,3
360,又如果打剛俾我哋咧就雞同鴨講唔知講乜仲撈攪啲添,大移嗰打啱咗佢哋哩就揀係同啊都唔知講乜UU較啲掂,23,15
361,隔離好似我講有韓國人有中國人,U離好至我講有动各人有中角人,14,5
362,哩條街幾多中國人㗎講真又有希獵人原本呢頭咧系到可以,啲條街幾多忠角人個講真豆有希獵人段本利頭囖好多喺度我哋,25,14
363,隔幾條街再對面斜對面就有佢哋都住咗好耐,夾幾條雞個對面有幾個隊都住咗好U,19,11
364,又冇再搬走哈,豆冇最搬就U,6,4
365,咁遠啲果啲都有,抌院啲嗰啲都有,7,3
366,都有,都有,2,0
367,都有,都有,2,0
368,最近就因為,最間就因咪,5,2
369,中國大陸嘅移民潮好多人嚟咗咧就好多,中角嘅移民照就好多人來咗哩就都好多,17,8
370,講國語嘅中國人系到附近住,講覺雨嘅中角人,12,8
371,我自己啲朋友都,我自己啲朋友刀,7,1
372,多少北少少啫係,多數啪少少啫係,7,2
373,附近或者以北,褲間話者移包,6,5
374,啫係個趨勢就係啲中國人已經開始住響啊,爹係個追細係啲中角人一開指住喺啊,18,9
375,啊,呀,1,1
376,以北以北果邊,北北嗰邊,6,3
377,啊多啲咁都有嘅哈,哪多啲都有嘅那,8,3
378,下面就少啲咯哈,但係就下便就小啲囖,7,7
379,真正自己朋友都係,丹蒸自己嘅U有都係,8,5
380,南北果附近,藍巴嗰褲間,5,5
381,好多人住系喇,因為我自記架會噉揀係住喺啊,6,12
382,哈咁,U噉,2,2
383,遠到去都有不過就唔係好多喇哈,電到都有倒多就唔係好多囖,14,6
384,都好多好多朋友系住,都好多好多U有住,9,3
385,我做咗基督徒好多好多年咯咁係一九,我做咗基督圖好多好多連嘍抌係一九,16,4
386,七六年所以我係好多朋友都係基督徒哈,七落連所以我好多朋友都係基督徒刻,17,4
387,咁都有人我做工果度就好多人就唔係信徒嚟喇,抌好多人我做工嗰度度多人唔係U圖離𡃉,20,11
388,咁果啲,抌嗰啲,3,2
389,但係果度就純碎做工就好少平時有咩交往嘅,但係嗰度就U睡做公就好少蹦時有咩教旺嘅,19,7
390,工作上嘅交往就有都係啲有識得有回教徒,東作上嘅教旺我哋有好多識得有回教圖,18,10
391,有第啲種族天主教徒啫係第啲嘅信仰嘅都好好好朋友嘅都仲,有带爾啲種著癲煮教圖姐係带已啲嘅削氧嘅都好好朋友嘅都刻,26,13
392,我因為主要係自己嘅教友多咧,到因咪主要係自己嘅較油多哩,13,5
393,咁,噉,1,1
394,都,都,1,0
395,啫係,遮係,2,1
396,成好多時都,成好多時都,5,0
397,教會入面好多活動嘅嗯,教會踏便好多活動嘅,10,3
398,咁有時我會去探訪喇因為,抌有時我會去擔房啊因為,11,4
399,我係,我係,2,0
400,帶一個啲,戴一嗰啲,4,2
401,單身媽媽嘅小組喇,單身媽媽嘅小組呀,8,1
402,咁哩幾日我剛先去探醫院探人喇,抌利幾一我啱先去擔人啊,14,9
403,咁又,抌又,2,1
404,平時嘅活動多數係,蹦時嘅活動多數係,8,1
406,同人有關喇啫係話好少自己走去睇出戲啊都係少啲啊好少好少,動人有慣啊爹係話好少會自己出去睇出戲暗好少好少,27,12
407,咁如果,噉而嗰,3,3
408,有好嘅音樂會咧我都會走去聽嘅,有好嘅音樂會囖我都好去听嘅,14,4
409,有時有啲畫展呢咁我都會,有時有啲啞展暗抌我都會,11,3
410,約埋去嘅,約咪去嘅,4,1
411,哈啊但係因為我返工已經五天都已經,大但係因為我分工咦經五天都咦經,16,5
412,返緊工到仲有個,分揀公噉重有個,7,5
413,,改,0,1
414,兩天就,兩天就,3,0
415,啫,遮係,1,2
416,好嘅啫嘅嘅活動咋講真,好嘅啫遮姐係嘅活動特者講真,10,5
417,哈,那,1,1
418,咁夏天又,噉夏天又,4,1
419,好多人結婚喇咁又參加婚體喇咁到到秋天咧,好都人結婚呀抌就要參加分来咋抌到到秋天囖,19,10
420,就會好多啲教會一啲嘅活動因為啫係夏天就唔會有活動住啊好多人出埠,就會好多嘅教會嘅一啲嘅活動因咪係夏天就唔會有好多人出U,31,9
421,咁咁我仲有好多親戚都響美國啊響加拿大㗎,抌噉我仲有好多親U喺哋咯啊红嚹大啊,19,11
422,咁剛哩個,抌啱利個,4,3
423,前幾一兩年又去咗落咗美國參加參加婚禮喇咁樣,前几一兩個月又去咗落咗哋角參加分来嚹噉樣,21,11
424,咁都好多哩依啲家庭入邊啲,抌都好多利啲家停踏便啲,12,6
425,活動咧,活動哩,3,1
426,都已經,都已經,3,0
427,積壓咗好多視頻㗎喇咁,遮係夾到好多時間嘍U,10,9
429,之外就我發覺自己娛樂自己嘅時間其實就唔係好多但係我鍾意靜嘅,之愛就到發角自己如樂自己嘅時間就唔係好多但係我鍾意靜嘅,29,6
430,啫係除非我話去聽下音樂啊咁喇,爹係除飛我話去听音樂暗噉哩,14,7
431,有時我自己睇書啊啫係系屋企,有時我自己睇書暗爹係喺屋企,13,3
432,我都好開心嘅哈,我都好開U嘅U,7,2
433,咁最近因為我膝頭唔係幾妥啫係唔係我我種下花啊我都好開心嘅,抌最還人咪我失頭唔係幾咗爹係唔係我我我重拿发都幾開心嘅,28,13
434,哈咁,大敢,2,2
435,散下步都好好㗎我就,散按葡都好好嘅我我就,9,4
436,好容易滿足嘅,倒用意滿足嘅,6,3
437,哈因為,大因咪,3,2
438,太太嘅嘢咧我都怕嘅,太太嘅嘢U我都怕嘍,9,2
439,哈因為,大因咪,3,2
441,人真係,人真係,3,0
442,呀,二,1,1
443,食飽三餐,食九殺親,4,3
444,之後咧就要做一啲係有意思嘅嘢咯,之後惡就要做一啲有醫思嘅嘢囖,15,4
445,啫係如果成日去自己咧,爹係如果放油去自己哩,10,4
446,坐低之後我就發覺唔滿足咯,咗低之後我就發覺唔滿捉囖,12,3
447,咁通常我去幫助人咧我會開心,抌通上我去幫座人哩係好開心,13,6
448,哈因為有人咧好多,大因為有人瀉好多,8,2
449,有啲人唔唔識英文喇我同佢做翻譯啊,舞啲人唔識英文哩我同佢做分譯啊,16,4
450,有啲人又成日病咁又都唔多出門口嘅有啲人都,有啲人又靚日柄噉又唔多出悶口個成日都,20,9
451,咁我覺得俾人哋一一,抌我覺得俾人哋一,9,2
452,一個,一個,2,0
453,問候一個,問後一個,4,1
454,幫助,幫座,2,1
455,係好過自己去,係好個自己去,6,1
456,去睇戲啊,又睇戲啊,4,1
457,飲茶啊果啲嘢我覺得啫,飲謝啊嗰啲嘢我覺得姐係,10,4
458,做完之後我都唔覺得有咩咁開心咯,做願之後我都唔覺得有咩咁開心嘍,15,2
459,哈咁哩個係幫助別人咧係,大敢利個係幫特別人哩係,11,5
460,我,我,1,0
461,覺得人生入邊好,覺得人新一見好,7,3
462,好大嘅一個嘅滿足咯哈咁,好大一個嘅滿足囖抌,11,4
463,我有時都會,我有時都會,5,0
464,幫人當中會經歷一啲,幫人懂中會經力一啲,9,2
465,有時候會俾人誤會嘅,有時會俾人唔回嘅,9,3
466,有時咧就惹惹禍上身嘅都會,有時囖就夜澳中新嘅都會,12,6
467,啫係拉埋你落水,爹係禮買李落水,7,4
468,咁有時候要,抌有時又要,5,2
469,俾人拉落去做和事佬啫係啊乜同乜又會又唔剛喇,俾人拉落去做U試佬乜同乜又唔啱啊,21,9
470,你又坐系中間睇下邊個剛邊個剛終於呢就,地又咗係中間睇下邊個啱邊個唔啱噉就,18,8
471,都俾人俾人啫係連累埋都會嘅,都比人俾人姐係完雷咪都會嘅,13,5
472,我呢啲,我哋利啲,3,2
473,好似話如果我唔咧就冇呢啲嘢嘅,好子話如果我唔哩我冇利啲嘢嘅,14,4
474,但係我覺得,但係我覺得,5,0
476,咧,哩,1,1
477,啊,那,1,1
478,咁呢個我知道哈呢個係一個,抌利個支度利個係一個,12,7
479,一個付代價嘅呢啲嘢,一個扶隊架嗰利啲嘢,9,5
480,咁但係當你見到一人因為,抌但係當理見到人人咪,11,5
481,其他人我或者係其他人去幫助,旗啦人我話者其啦人幫座,13,7
482,佢個生命得到係,佢嘅心命得到係,7,2
484,有好轉有昇華有,有好轉有升話,7,3
485,轉化,轉化,2,0
486,有,有,1,0
488,更加係,蛋加鞋,3,2
489,有尊嚴一啲人應該係有,有專驗一啲人興係有,10,4
490,能夠活得有有啲基本嘅條件咧,U夠活得有有啲基本嘅條件囖,13,2
491,啫係,爹係,2,1
492,如果佢身體太差咧佢覺得自己冇咗冇自尊因為,如果佢身睇太擦哩裡覺得自己冇帽字專恩咪,20,10
493,對一個人好緊要啊健康哈,對一個人好緊要嘅件看那,11,4
494,咁所以所以探病本身去鼓勵人咧希望佢,抌所以咗意擔人本身係鼓嚟人U希望佢,17,8
495,係快啲好返出嚟哈,係快啲好番出黎那,8,3
496,但係咧有啲人咧有嘅時候咧,但係哩有啲人有嘅時候惡,12,3
497,佢就覺得冇曬希望喇,佢就覺得冇晒希望啊,9,2
498,所以我哋會話俾聽咧人係有嘅,朵意我就會話俾佢听哩人係有嘅,13,6
499,就俾佢有一個盼望咧,對俾佢有一個板望哩,9,3
500,就算佢病得好犀利都好喇佢有盼望咧,豆算佢柄得好犀離都好呀佢有班望哩,16,6
501,佢,佢,1,0
502,知道自己會去邊到就算離開咗世界咧,知度自己會去邊度就算離去咗利個細計哩,16,8
503,所以呢個係最大嘅福氣,所意利個係最大嘅福氣,10,2
504,我睇住人,到睇住人,4,1
505,冇盼望去世嘅時候幾咁淒涼,冇班望佢細嘅時候幾噉擠涼,12,5
506,有盼望去世嘅時候咧,有班望佢細嘅時候惡,9,4
507,佢哋會唔會驚咯呢個真真正正俾我睇得到哈,佢哋係唔會驚囖啲個真真政比我睇到刻,19,8
508,咁,抌,1,1
509,我所以,我所以,3,0
510,我好樂意咧去,我好落意U去,6,2
512,無論健康唔健康嘅時候咧都會鼓勵人,毛U人哋健康唔健康嘅時候惡都會图來人,16,7
513,係去,係去,2,0
514,啫係完成佢係地上短短幾十年一個嘅生命咧,遮係願成佢喺地上短短幾U連一個嘅心命哩,19,7
515,就活得更精彩咯,就活得赶蒸取囖,7,4
516,應唔應該做工,鸚唔應該做,6,2
517,個個人都應該有份工嘅,個個人蘇應該有份工嘅,10,1
518,但係個工作本身嘅定義咧唔係咁狹窄嘅,但係個工作本新嘅停意哩唔係咁閒U嘅,17,6
519,咁如果,抌利分如果,3,3
520,果個係屋企湊仔果個話自己冇做工咁佢又好似好過喔,嗰個係屋企皺仔係屋企冇做公噉佢好至好個喎,23,13
521,咁其實就唔係佢果個工作係佢係工作做咁解啫啊,抌其殺唔係佢嗰個工作其殺喺屋企做噉解借,21,12
522,啊佢哋都做緊啲好偉大嘅嘢哈,佢哋都做揀好為大嘅嘢啊,13,5
523,啫係湊孩子係好辛苦㗎,爹係周械子係好辛苦啊,10,4
524,仲辛苦過返工,動辛苦個返工,6,2
525,哈所以我都過,大所以我都個,6,2
526,幾年咧,幾連U,3,2
527,後來我都去選擇要出去做工因為咧,後例我都要損U要出出便做工因咪哩,15,8
528,系屋企做工咧冇人俾你你,係屋企做公哩冇人俾理理,11,5
529,食嘢咧食唔食都自己又咧唔緊張搞到自己胃痛試過咁,食嘢哩食唔食自己又唔揀張較到自己為痛試個,23,8
530,哈有份工咧等你同呢個社會有接觸,第啊有饭工哩等李同利個社會有執U,15,8
531,有果啲嘅感覺啫係,有嗰啲嘅感覺啄,8,3
532,一早幾點出去下晝幾點咁樣咧,幾點出去下晝幾點分離噉有U,13,7
533,其實咧係健康一啲,其殺哩係見虹一啲,8,4
534,係好但係要好有咯,係屋企做嘢係好但係要好有囖,8,6
535,又就同埋啫係要好你邊個幾時做乜幾時做乜,豆同咪遮係要好理邊個幾時做乜幾時做乜,19,5
536,咪撈到亂晒籠公司法啲嘢都,唔係噉段聯細李公司嘅嘢東,12,10
537,公同私人嘅嘢撈埋一齊咧,U同師人嘅嘢老咪一滯哩,11,6
538,就好容易覺得氹氹轉唔知做乜㗎喇,就好用二覺得U探轉好至唔知做乜個啊,15,8
540,有時係冇選擇啫我諗如果有選擇咧冇人,有時係冇損陣借我攬U嗰有損U哩冇人,17,9
541,想係屋企湊細蚊仔嘅,想係屋企晝細蚊仔嘅,9,1
542,果啲我講緊男人咯因為始終,我講揀嵐人囖丹咪指鍾,12,9
543,個社會點樣睇佢哋咧咁,個社會點樣睇佢哋瀉噉,10,2
544,當然有啲文化上唔同啊譬如有時我聽聞東南亞果邊好多啲女人出去做嘢啲男人㗎,劏然有啲問法上重啊佢哋有時我聽邋通邋牙嗰邊好多裏人出去做嘢好多嵐人啊,35,18
545,但係暫時我諗北美洲就唔係咁咯,但係斬時我攬八尾洲就唔係噉囖,14,6
546,咁佢哋出去做嘢會覺得,而噉佢哋出去做嘢會覺得,10,2
547,好啲嘅,好啲嘅,3,0
548,你果個生意係系屋企生意咁梗係唔同喇咁唔係咁唔係唔出去只不過你個嘅咁呢個,理嗰個放意係屋企放意噉就唔同囖抌唔係噉唔係指U個理個嘅噉利個,35,20
549,好多人都㗎因為如果佢有細蚊仔細個咧,好多人都但係如嗰佢係因咪如嗰佢又細蚊仔細個U,17,10
550,佢可以接送放學喇都冚唪唥可以自己做到咁佢先佢,佢可以接送放學暗抌UUU可以做到抌佢先佢,22,8
551,太太出出邊,太太出出便,5,1
552,返工嘅佢系屋企留系到做一個,返工嘅隊喺度留係屋企做一個,13,7
553,自己嘅嘅咧佢亦都係好好人哈,自己嘅嘅哩其U都係好好個,13,5
554,啊咁就唔同,唔噉噉就唔同,5,3
555,但係如果你話佢係啊因為病唔出得去啊,但係因咪佢話啊因咪柄唔出得去啊,17,7
556,然後因為,又因咪,4,3
557,各種原因咧佢唔出到做嘢咧,各種完因喇佢唔識對最哩,12,7
558,哩個男人就會好麻煩啊,哎個藍人就會好咪饭啊,10,4
559,因為系屋企摸嚟摸去摸住個廚房咧,因咪理屋企可冷攞住個菜房囖,15,9
560,啫係做唔到咁多嘢一日咧係覺得有,爹係做唔倒噉多嘢係一日係有,15,7
561,咁個男人始終咧就會,抌個藍人指鍾囖就會,9,5
562,啫係會覺得,遮係會覺得,5,1
563,好好,好好好,2,1
564,好啊或者係,好暗話者係,5,2
565,嗯啫係唔好咯,遮係唔好囖,6,3
566,啫係好似啲咗嘅退休啲男人,爹係好至啲咗嘅退由嘅藍人,12,5
567,系屋企都好煩嘎因為佢要搵啲嘢咧係,係屋企都好飯個因咪佢哋要揾啲嘢U係,16,7
568,證實自己仲有用先得嘎嗎,正實自己仲有用先得呀马,11,3
569,啫係,爹係,2,1
570,工作本身係一個價值嚟嘅,公有本新一個㗎直離嘅,11,7
571,人哋問你做乜啊咁啊我做乜做乜好開心講出來咋嘛,人哋問理做乜啊點啊做乜做乜好開心講,22,7
572,冇嘢做喔,冇嘢做喎,4,1
573,系屋企行踱路喔,係屋企痕都路喎,7,4
574,話啫咁咧就好醜咁咯,話者噉瀉就好走噉囖,9,6
575,所以咁啫係,個樣遮係,5,4
576,退休之前嘅男人如果係冇嘢做咧本身就好大嘅打擊咯,退幽知前個藍忍如嗰係冇嘢做哩本U係好大嘅打U囖,23,11
577,啫係有啲人都好有錢嘎百萬富翁哈佢哋都搏命去做嘢嘎佢哋情願去做,遮係有啲人都好有錢個八問婦翁刻隊哋都覺U去做嘢㗎,30,16
578,但係佢可以唔收人哋人工嘅做嘢哈,但係佢可以唔收人人工嘅做嘢U,15,2
579,好多人好有錢自己有生意咯,倒多有錢嘅人自己有生意囖,12,6
580,但係我覺得去做義工咧,但係我覺得去做易工囖,10,2
581,係,係,1,0
582,最能夠,最浪扣,3,2
583,係好似我初初講幫助人咧,係好至我初初噉講係幫助人U,11,4
584,因為你生活無憂又唔駛等開飯前嘅時候,因為理生活無幽豆唔駛蓋份錢嘅時候,17,7
585,點解利用你啲時間去幫下人,點計理唔U用理啲時赶幫拿人,12,8
586,係有啲人有,第有啲人有,5,1
587,啊出唔到去啊有有啲人去送飯咧啊果啲咁樣,長然啊出唔倒去啊到啲人去送份啊啊噉樣,19,10
588,帶人哋去,教人哋去,4,1
589,邊到邊到因為去醫院都唔識講英文就好慘吶,邊度邊度因為去醫院又唔識講英文就好慘啊,19,4
590,對住個醫生又唔識講咧咁啫係,對住醫生又唔識講瀉噉,13,5
591,啫係食錯藥都係分分鐘啊啫係點啫係要,遮係食咗藥返返鐘惡啫係如果啫係,17,10
592,佢又佢又搵不到啲人親人陪佢去,佢要要有搵唔倒啲真人肥佢去,14,8
593,咁又好淒涼咯,噉啊好U量囖,6,5
594,咁我覺得啫係如果我退休咧我都會選擇咧,抌我覺得姐係如果我退休哩我都匯選擇囖,18,5
595,啫係譬如退休我已經有退休金我唔駛做都有錢入嚟我都夠生活咧,遮係俾如退幽我都有退休今到唔使做都有錢或離我都救生活囖,28,12
596,我就好想咧去就幫助一啲咧好無助嘅人咯,我去做幫座一啲好無座嘅人囖,18,9
597,或者醫院啊,雲時醫院啊,5,2
599,果各方面果啲冇人幫佢翻譯果啲人好慘嘎,嗰嗰方便嗰啲帽人幫佢哋返譯好慘啊,18,11
600,我宜家呢個咧我係省政府嘅一個係,到而家利個囖我係散政府嘅一個係,15,5
601,叫做,叫做,2,0
602,就係一一個省政府,一個生政府,8,4
603,同果啲人有有疾病有殘疾唔做得嘢咧,同嗰啲人有有紮病五U紮唔做得嘢U,16,6
604,同埋啲老人家,冬咪話這老人家,6,4
605,六十五歲以上佢唔做嘢但係佢又未夠十年佢攞唔到老人金咧,度U唔歲耳上但係佢又尾救U連佢攞唔到老人金嘍,26,13
606,佢都嚟我哋呢個部門果到咧係攞,裏都離我哋利個磅嗰度哩就,14,10
607,其實係一個補助係社會補助嚟嘅咁,其殺係一個寶藏係社會,15,8
608,補助嚟嘅咁,寶U嘅噉,5,4
609,直直接或間接其實都係幫助緊人,遮係遮係接啊賺植其殺都係幫座鹼人,14,10
610,哈但係就政府出錢咯哈,大但係政府出錢囖盒,10,4
611,咁我都好呢個工作嘅,抌我都好利個工作嘅,9,2
612,依份工嚟講都算係好理想嘎喇,啲塵工離講都算係好理相啊啊,13,6
613,我原未上呢份工之前咧我就我話俾你聽我過喇我話冇製啊得耐得滯唔係幾好,我完尾做利分工之前囖我就我話俾李听我個囖到話冇掣阿哩U得仔哩唔係幾好,33,17
614,有時有少少發覺好似發毛咁樣嘎太耐,有時有少少發覺好至罰U咁樣呀太袋,16,5
615,雖然我啲細蚊仔細就好多嘢做嘅一啲都唔係得閒做到自己咧,堆燕我一噉嘅細好多嘢做個一啲都唔會得限零都自己哩,26,13
616,趴係到喇但係都,巴喺度但係都,7,4
617,又唔記得咗要放啊因為啲細路啊就會嘈掹你啊呢樣果樣咁哈喇,又唔記得咗要放呢因咪啲細路好做妈咪啊利養嗰樣啊,27,14
618,轉頭要洗呢樣又要整果樣又要煮飯又要洗衫唉做都做到自己暈低咁製喇,短頭又要洗利養又唔知整乜又要煮份又要洗衫啊做都做到自己暈梯,31,14
619,我情願返工,捣整願番工,5,3
621,我,我,1,0
622,之前就後來我又做過喇,之前就後對我就做個呀,10,4
623,啫係我未之前我做過哈,爹係我美之前我做個那,10,4
624,咁,抌,1,1
625,嚟講,離講,2,1
626,勞體力勞動辛苦啲咯啫係帶啲細蚊仔後生就得,睇力老U新苦啲囖啫係帶啲細U仔喉生就得,20,8
627,年齡紀大啲做唔到嘎因為有時要捧啲細路捧出捧入,U幾大啲做唔到個因咪要綁啲細路仔綁出綁U,22,12
628,因為果時我我大肚嘎,丹咪我嗰U時我大肚個,9,7
629,我造捧啲細路仔捧上盤到洗屁股啊乜乜乜啊,倒照綁啲細來仔擋上去嗰度洗屁股啊乜好,19,11
630,都都做得嚟係宜家就啫係果啲唔做到喇,都都做得離亞而歌就唔姐係嗰啲唔做度啊,17,9
631,哈呢份工嚟講我係嘅因為都,哎陳工離講我係嘅忍咪都,12,6
632,我接觸到好多人咯,我接捉倒好多人囖,8,3
633,咁有時我唔係淨係好似工作範圍上面做果啲嘢俾錢你俾錢你咁簡單,抌有時我唔係成係工U份為上便做嗰啲嘢啊俾錢鯉俾錢鯉咁揀U,29,14
634,我都鼓勵佢哋咯,倒都估勵佢哋囖,7,3
635,有啲人覺得自己有,有啲人覺得自己有,8,0
636,殘疾有咧就好,殘費U就好,6,3
637,低嘅啊覺得自己冇用咯,梯嘅按覺得自己冇用囖,10,3
638,但係其實我話俾佢聽每個人,但係其殺我話俾佢听每一個人,12,3
639,有啲嘢都唔係,有啲嘢都唔係,6,0
640,完全有啲嘢係嘅我哋根本上冇一個人係完全咯,願轉有啲嘢都係U到哋金本冇一個人係完全囖,20,8
641,有時腦筋諗嘢又唔係幾成熟有時,有時嗰間淋嘢唔係幾成雀有時,14,5
642,手腳老老哋都會慢啊,手腳老老哋都會U呀,9,2
643,有時就發一次燒可能就燒壞咗個腦,有時就發一至燒就U壞咗個老,15,5
644,就變咗,又變咗,3,1
645,好多嘢都唔係好有時,好多嘢都鬥時,9,4
646,手腳啊有有風濕咧果個咧一路開始,手U啊有風UU嗰啲可就蓋紙,15,11
647,睇住啲,睇住啲,3,0
648,啲關節啊啲咧變喇,啲裙節啊啲變呀,8,3
649,咁,抌,1,1
650,佢哋好啫係慢慢好嘎其實,佢哋好啫係萬晚好嘍期殺,11,5
651,我都會鼓勵佢哋喇不過好似俾人睇係有,到都會股勵佢哋U一個好至俾人睇係有,17,6
652,嘅人咧其實,嘅人U其殺,5,2
653,嚮神嘅眼中咧都係一個好寶貴嘅人咯,很份嘅眼中囖都係一個好寶貴嘅人囖,16,4
654,但係只要記住我哋有一天咧都會身體衰殘,但係主要記住有一天喎都會新睇衰掣,18,7
655,但係我哋要有一個壯健嘅靈魂咧,但係我哋會有一個壯件嘅另雲U,14,5
656,咁先至可以,噉先至可以,5,1
657,開心咁過再再度過呢一世咯唔係就愈嚟愈老未愈,開心噉個再度個利一細囖唔係就越來越老咪月,21,12
658,唔開心咯因為愈來愈,唔開心囖因咪越梨越,9,5
659,少果個果個嘅,小嗰個嗰個嘅,6,3
660,身體嘅又可以做嘅嘢少減少減少咧都減少做嘅嘢少咁,新睇嘅又嘢做有要小噉小噉少乜都噉少做嘢又少噉,23,15
661,咁好慘喔愈嚟愈唔開心咯但係你一,抌好刷喎越梨越唔開心囖但係李一,15,8
662,有一個新嘅盼望去原來佢有好多嘢咧,有一個新嘅番望願代有好多嘢U,16,6
663,以為佢係其實係好多嘢做到嘅,要為佢係其殺係好多嘢做到嘅,13,2
664,咁佢哋又會開心好多咯,抌袋佢哋就開心好多囖,10,5
665,童年因為我唔係系屋企長大喇係一個人長大,冬連因咪我唔係喺屋企長大啊到一個人掌大,19,7
666,我又覺得比較啫係靜啲咯,我就覺得俾鉸靜啲囖,11,6
667,但係所以我系,但係所意我係,6,2
668,同學當中我就,同學湯中我就,6,1
669,好多嘎啊,好多嘅刻,4,2
670,因為我自己冇冇弟兄姊妹一起長大咧,丹咪我自己冇冇提U姊妹醬大囖,16,8
671,我同朋友就好緊要咯,我同朋友就好緊要囖,9,1
672,有啲朋友長大就我都覺得我,有啲朋友長大就我都覺得我,12,0
673,童年都幾開心,同連都幾開心,6,2
674,因為好多好朋友咯小學中學,因為好多好朋友囖小學中學,12,1
675,大學都係童年大學冇叫童年喇哈中學喇當最多之前咧我都,大學都係同連大學冇叫同連中學啊最多之前囖我都,25,9
676,有好好嘅朋友同我一齊,有好好嘅朋友同我一滯,10,1
677,咁我算做係好開心嘅哈咁,抌我算座係好開心個和抌,11,5
678,嗯因為我都叫做經濟上因為我跟咗我舅父妗母佢哋係冇孩子嘅,因咪我都叫做堅掣上因為我跟咗我舅父舅冇佢哋係冇鞋子嘅,27,7
679,咁我得係,抌我覺得係,4,2
680,我一無所缺咯根本我都冇,其殺我一無所U囖金本我都冇,11,5
681,面對過貧窮冇乜哈,麵蓋個U控冇喵刻,8,7
682,但係我哋好好好咧,但係我就好好好囖,8,2
683,我唔會亂咁花錢咯因為我原生家庭我父母佢哋響,我唔會U撳細錢囖丹咪我預生家停我父冇佢肯,21,11
684,中國大陸其實咧係好似咁走嚟香港喇,中角大落旗殺哩係好至噉走蠟離張糖哩,16,12
685,佢有四個孩子嘅我出咗去出便住,裏又四個械紙個我出咗去出便住,14,5
686,佢又辛苦佢哋好艱難嘎啫係做工,隊又辛苦佢哋好奸蘭個啫係做工抌,14,5
687,啫係我唔會因為我係系活在,爹係我唔會因咪我係活咗,12,4
688,富裕當中咧,褲語當鐘囖,5,4
689,我就去亂咁花錢啊,到就去亂咁花錢啊,8,1
690,哈咁,那噉,2,2
691,我湊湊大我果個舅父妗母佢哋,我周洲大我嗰舅父舅冇佢哋,13,6
692,佢都少去旅行嘅,好多時都去來恆啊,7,7
693,哈佢係果時環境都唔錯哈,大佢係嗰時或頸都唔U那,11,6
694,但係我記得我細個果時我冇跟過嘎我,到記得我細個嗰U時我冇我冇巾佢去,16,10
695,直情冇啊冇跟佢哋去過一次都冇佢哋自己去日本去台灣我一次都冇去過,訂冇阿冇間佢哋去個一至都冇隊哋去突躉去來單我一至都冇去個,31,15
696,哈大陸啊咁我都冇跟過佢哋去,大大落案噉我都冇間佢哋去,13,6
697,哈台灣都去過但係我就冇去過奇怪就係因為我自己覺得,大來單都去個但係我就冇去個哋怪忍咪我自己覺得,24,10
699,我又唔係自己搵錢,我又唔係自己搵錢,8,0
700,到我搵到錢我自己俾錢去,兔我搵倒錢我自己俾錢去,11,2
701,我就唔想花第啲人嘅錢而我自己嘅父母,到就唔想花带兒啲人嘅錢地我自己嘅扶冇,17,6
702,兄弟姊妹佢哋根本都,興带姊每佢哋金本都,9,4
703,一啲都冇機會去,一啲都冇飛回去,7,2
704,咁我覺得唔安樂哈咁,抌我覺得唔安樂乞噉,9,3
705,哩過就係我我系兩個家庭嘅中間長大咯,哎個就係我就係我係兩個家停中間長大囖,17,8
706,哈我,大我,2,1
707,似乎就天賦天父得俾我一個比較敏銳嘅心咧就係,自扶就天U都俾我一個比較問對嘅心U就係,21,9
708,唔係因為我係活在富足當中咧我就唔記得咗其他人哋其他人有佢嘅,唔係因咪我係活著扶通中哩我就唔記得U其他人哋其他人又嘅,29,9
709,貧窮嘅一便同埋佢哋嘅掙扎嘅覺得,頻控嘅一邊同咪佢哋嘅憎U嘅我覺得,15,7
710,因為始終我哋係被我哋上一代,因咪指終我哋係俾我哋上嗰袋,13,5
711,湊大咧帶大咧佢哋都經歷過,晝大哩帶大哩佢哋都經力個,12,5
712,戰爭喇第二次世界大戰喇多數都,戰爭U為二至世界大戰哩多數刀,14,5
713,如果再老啲好似我爸爸其實經歷過睇下先,如果最佬啲筒我爸巴其殺經力個睇拿先,18,9
714,第一次世界大戰佢好細啫一九一八佢係一九一幾年出世咯不過太細喇幾歲咋唔會行但佢經歷過第二次世界大戰喇,带一至世界大戰佢好細借一九一八隊係一九一幾連出細囖噉泰細啊幾歲但係佢經力带已至世界大箭U,49,23
715,咁所以佢教導我哋咧都好多嘢咧要,抌所以佢教圖我哋哩都好多嘢U要,15,4
716,冇嘥啊節儉咁所以我哋都有咁嘅記憶影響但係我哋嘅下一代咧,冇嗮啊接見張我哋都有噉嘅俾佢影響但係我哋下一袋囖,27,12
717,就算唔係我哋點講都好咧佢哋真係唔冇經完全都,就算無U我哋點講都好哩佢哋真係冇經願轉都,21,6
718,啫係,遮係最架,2,3
719,雖然我哋冇經歷但係我爸爸媽媽經歷過近啲喇哈,書願我哋冇經力但係我哋爸巴嫲媽裙啲囖,21,12
720,我嘅下一代咧就係佢嘅經歷過咁啫係太遠喇,我夾一袋瀉就佢嘅經力個U啫係太遠啊,19,9
721,啫係差唔多係一個,爹係U唔多,8,5
722,咁邊會唔覺得哈,會唔覺得U,7,3
723,咁但係我都覺得雖然係咁咧,抌但係我都覺得衰然係噉U,12,4
724,自己本身嘅家庭果個教育咧都會有影響嘅雖然我哋孩子咧從來都,自幾本身嘅家停嗰個較肉囖都有影響啊打需然我啲蟹指哩成日都,28,16
725,啫係,遮係,2,1
726,聽都冇冇乜點聽過啲講果啲哇點辛苦點慘啲我其實,聽都冇乜掂听個啲講嗰啲話噉辛苦點慘點個其殺,22,10
727,我哋系香港果陣時六零年代我哋其實都,我哋係張U嗰U時落令連代旗殺都,17,12
728,四人先有一次水嘎因為打大風啊同埋旱災啊好多嘢冇水嚟,得一先有一至水啊躉咪他大方啊同咪红U啊好多日冇水啊,25,13
729,我哋都好少講俾佢聽,到哋都好少講俾佢听啊,9,3
730,佢哋都冇乜點樣經歷過呢啲慘嘢嘎,到哋都冇乜點樣經力個利啲慘嘢嘍,15,5
731,但係我都發覺原來一個咧都可以影響我嘅下一代,但係我都發覺願來一個哩都可以经響我嘅下一袋,21,4
732,啫係我就係我係好,爹係我就係我係好,8,1
733,好節儉嘅啊好嘅,好接件嘅好嘅,7,3
734,啲嘢唔會亂咁嘥唔會亂咁擗嘅同埋,啲嘢唔會亂咁細亂咁碧嘅断咪,15,6
735,成日紀念到咧我有遮有好多人冇,成日記唸到囖我有遮係好多人冇,14,4
736,咁我覺得我依個咁樣嘅,抌我覺得我啲個噉樣嘅,10,3
737,心態我諗嘢同埋做嘢咧,心太我林嘢同咪做嘢U,10,4
738,係佢哋唔到,係佢哋倒,5,2
739,所以我覺得系我哋入面我啲孩子咧佢哋就唔多,朵意我覺得喺我哋U面我啲拜子哩佢哋就唔多,20,6
740,係,係,1,0
742,第一佢哋都唔係咁咁佢哋冇冇乜,嚟一佢哋都唔係噉噉又冇咩,14,7
743,冇啊但係佢哋唔會追求一啲咧,冇啊但係佢哋唔會追球一啲囖,13,2
744,係好嘅嘢,係好嘅嘢,4,0
745,佢哋都係好嘅腳踏實地做人咯但係,隊哋都係好嘅個疊細要做人囖但係,15,6
746,啫係再睇返同佢哋嘅咧,遮係睇返同佢哋嘅囖,10,3
747,咁有好多因為佢哋根本屋企實在環境非常好喇,噉又好多因咪佢哋屋企彈頸飛上好囖,20,12
748,咁佢哋可以有,噉佢哋可以有,6,1
749,嘅啊,嘅啊,2,0
750,又隨時隨地可以去撳機啊或者咩咁咧,U時可以去橄機啊特者咩嘢咁U,16,8
751,佢哋可能就唔係好知道原來,佢哋可浪就唔係好知道願代,12,3
752,有啲嘢佢哋唔需要咯,有啲嘢佢哋唔衰要囖,9,2
753,所以我哋教哋孩子同,朵意我哋教啲孩子,9,4
754,啫係,遮係,2,1
755,唔同嘎你啊你嘅唔係一定要嘅哈,唔同她理理嘅唔係一U要個,14,7
756,咁哩個我諗我啲三個孩子佢哋宜家都廿幾歲喇,抌利個我淋我啲殺個鞋子而家意啊幾歲啊,20,11
758,好清楚知道所以佢哋買嘢好小心唔會亂買嘢哈,倒蒸咗知道所以佢哋買嘢好小心唔會亂買嘢那,20,4
759,咁,抌,1,1
760,雖然佢哋啲朋友有啲會可能都都花好多錢但係佢,雖燕佢哋啲朋友有啲都可U都好花錢但係佢,21,6
761,係佢哋嘅好朋友嘅果啲咧佢哋都係同一個嘅,係佢哋嘅好朋友嗰啲哩隊哋都同一個嘅,19,5
762,佢哋就唔會話我就好孤寒,隊哋就唔會話到就好姑寒,11,3
763,佢就好花錢咁佢兩個咧唔會太好朋友,隊就開花錢抌佢兩個唔會太好朋友,16,4
764,哈但係大家一齊其實唔一定要孤寒嘎但係我哋係慳儉唔係等於孤寒哈,大但係佢戴加一掣唔一停要孤寒個但係我哋慳件唔係一停孤寒嘍刻,30,15
765,咁,抌,1,1
766,睇第啲孩子咧有啲係因為佢哋父母嘅咧,抵带已啲鞋指有啲哩係因咪佢哋U冇嘅啊,17,11
767,以致到佢嘅孩子咧根本唔知道咧,意照佢嘅奶子哩金本唔知道U,14,7
769,咁多人嚮,噉多人響,4,2
770,第啲地方咧係,带二啲得重哩係,6,5
771,係係受緊苦嘅,係係流揀苦個,6,3
772,係佢哋根本就,第佢哋金本就,6,2
774,但係其實好多嘢你咩,但係其殺好多嘢理咩,9,2
775,你睇電視啊啊你個好多果啲一望就睇到但係,李睇件事啊啊理去多機教一望就睇倒但係,19,9
776,似乎佢哋冇打開咗佢哋心果隻眼睛咯,自負佢哋冇答去佢哋個心個直眼精囖,16,10
777,啫係眼係望到聽係聽到,爹係眼係望倒叮係听倒,10,5
778,好似咁講,好至噉講,4,2
779,所以我就覺得,朵意我就覺得,6,2
780,父母嘅責任咧就係,扶冇嘅責任U就係,8,3
782,哈不過佢唔跟,大八個佢唔間,6,4
783,我唔會我唔會可以,我唔會我唔會可以,8,0
784,監唔到佢哋跟我,監佢哋筋我但係,7,5
785,似乎佢哋係,照扶佢哋係,5,2
787,但係佢哋冇咁做咯,但係佢哋冇噉做囖,8,2
788,咁我哩樣咧我好感謝天父,抌我利養囖我好噉謝天父,11,5
789,我都好多嘎教孩子,我都好多個教鞋子,8,2
790,哈要有禮貌喇,和要有蝦鬥呀,6,4
791,係就係,第就,3,2
792,食嘢果時有啲咩喇,食嘢趕時候有啲咩囖,8,3
793,啊啫係對於老人家,遮係對U老人家,8,3
794,要啊對於父母要啊唔可以,要啊對啲父冇要啊唔可以,11,2
795,講嘢,講嘢,2,0
796,啫係冇冇冇禮貌咁講咧我唔會接受嘎,遮係冇冇冇黎候噉講瀉我唔U接修個,16,8
797,佢哋要正經再講過哈,隊哋要正經最講個那,9,4
799,佢哋細我,佢哋細我,4,0
800,佢哋細個果時我教佢哋都幾嚴嘎,佢哋細個嗰U時我教佢都幾驗,14,5
801,因為我覺得咧細個你唔唔,因為我覺得哩細個理唔,11,3
802,整好個個咧,整好個哩,5,2
803,佢哋就唔知道邊到係個,佢哋就唔知到邊度係個,10,2
804,佢哋亂咁舂,隊哋U咁鍾,5,3
805,到到大過先自收到個咧佢哋就,到度大個先收到個哩佢哋就唔,13,5
806,覺得你好差咯點解細個唔係咁宜家係咁喇咁,覺得理好擦囖點計細個唔係噉而家係噉,19,9
807,所以細個一定要收得好好嘅,朵意細個一停要收好個,12,6
808,緊啲都唔緊要但係到大過就開始放因為佢哋,蛋啲倒唔揀要帶到大個先蓋指放人咪佢哋,19,11
809,係應該有自己嘅去諗啲嘢清清楚楚你就,係咦經有自己個去林啲嘢蒸咗阻哋就,17,9
810,你住佢都冇用佢會跳出去嘅喇,理呱住佢都冇用佢會釣出去嘅啊,13,4
811,係咪所以我覺得我教佢哋嘅方法係,第唔係朵意我覺得我教佢哋個方法係,15,6
813,十二歲以下或者十歲以下都好喇我都好嚴嘎,U意歲二下話咗U歲二下都好囖我都好艷啊,19,10
814,嗯唔可以亂嚟嘎哈係有時譬如佢哋咧有啲人咧就突然就又,唔可以U離嘅大有時北如佢哋哩有啲癮得現間就,25,14
815,開始因為已經,去紙欣咪理移經,6,6
816,十三四歲喇,U意殺四歲呀,5,4
817,一放親假就去睇戲喔,一放瞓假就去睇戲我,9,2
818,咁我就話我話呢個唔係我嘅嚟嘎咁我話俾我啲仔女聽,抌我就話我話利個唔係我離𡃉抌我話比我啲仔李听,23,9
820,咁啊次次都要去睇戲先安樂我話唔得嘅咁樣,至至都要去睇氣先安落囖唔得嘅噉樣,19,9
822,我有次話佢聽咧,我嚼卡听囖,7,6
823,放假咧你要搵第啲有,方嘍哩要揾带己啲有,9,7
824,我話睇戲咧好睇嘅戲都係要應該睇但係唔係一定要一出嚟就睇嘎嘛,到話睇戲哩好睇嘅戲都係煙蓋睇但係唔係一停要一出就睇啊马,29,9
826,我話你第日佢咪出咗你去去買隻借隻唔知幾便,到話理带日出咗去買借個都唔知幾拼,20,11
827,幾毫子一隻到喇但係買埋都係,幾號紙一直倒啊但係買米都係,13,6
828,十蚊八蚊講真一啲都唔貴,U蚊八蚊講真一啲都唔貴,11,1
829,所以我好反對咧一出啲戲就去睇咯,朵以我好反得哩一出啲氣就去睇囖,15,5
830,因為我話果個人咧係,因為我話嗰個人哩係,9,2
831,中中文講無聊嘎太過都冇嘢好做嘎咩去戲院一日到黑一入去就兩三個鐘頭,都都冇畫務U嘅帶噉都冇嘢好做噉樣中去戲院噉一蠟到去就殺個鐘頭,32,19
832,我本身咧我好少睇戲就係因為咧,老本身U我好少睇戲忍咪哩,14,7
833,如果果套戲唔係好,如果嗰套戲唔係好,8,1
834,我俾咗錢入去咧,我俾咗錢滑去囖,7,2
835,但係我好好激氣嘎你困住我三個鐘頭唔係銀紙嘅問題都話我可以走返出嚟係咪啊,倒好極氣個哋韞住我殺個鐘頭唔係U子嘅問題朵意餓要走翻出U那,35,21
836,但係我覺得我俾咗錢嘥埋我啲時間,單係我覺得我俾咗錢世賣我啲時間U,15,4
837,對我嚟講咧,對我離講哩,5,2
838,時間係我生命嘅一部分嚟嘎嘛,時間係我心命又一抱饭離啊马,13,7
839,嘥咗我三個鐘頭咧我個心入面冇咗三個鐘頭,低咗我殺個鐘頭囖我心滑邊冇咗殺個鐘頭,19,7
840,但係睇埋啲垃圾個喔,集係睇買啲垃圾喎,9,4
841,咁我就會好嘎喇,抌我就會好憫啊,7,3
842,所以我好少啲睇戲就係因為咧你真係話咧好好睇咧,朵意我好少抬睇戲係因咪哩理真係要話好好睇U,22,10
843,咁有時我又覺得嗨遲啲都會出出,噉有時我又覺得鞋U啲都會出出,14,3
844,我駛咪咁緊張去睇啊咁,洗咩咁緊張去睇按噉,10,5
845,咁當然睇戲院果個,抌湯然睇戲院個,8,3
846,唔同系個屋企屋企你可能有個,唔同喺個屋企爹企理可浪有個,13,4
848,嘅大大都唔同嘅,嘅大但係都唔同啊,7,3
849,因為我試過睇一套戲嚮戲院睇過,丹咪我試個睇一套戲还戲院睇個,14,5
850,哈好好睇喔,好好睇喎,5,2
851,返到嚟再睇第二次我都唔好睇嘅喔,因到離最睇带已至都唔好睇嘅,15,8
852,因為咧得閒咧電話又拎下,因咪哩得閒哩電話又拎盒,11,4
853,得閒又又叫下我得閒乜又哎呀睇親乜到唔知道,得閒妈又叫拿我閒就啊睇咗乜都唔知道,20,9
854,因為其實,丹咪旗殺,4,4
855,果個果個氣氛唔好咯呵咁所以真正好嘅戲係應該去戲院睇呢個我都同意,個嗰個汽分唔好囖可抌所意真政好嘅戲係煙該去戲院睇啲個我係同意,31,12
856,但係就譬如有啲係咁你梗係要去睇喇,但係就俾雨有啲係錦鯉揀係要去睇啊,16,6
857,咁但係,抌但係,3,1
858,果啲嘢都幾貴嘎我覺得所以我覺得一生人嚟講咧我我好想去睇,嗰啲都幾U個我覺得丹咪我覺得收入趕哩我好好想去睇,27,13
859,終於都未睇過因為咧有一次咧,終於都冇睇個U咪哩有一至U,13,7
860,我都覺得佢好貴,我都覺得佢好貴,7,0
861,咁仲有一個,抌重有個,5,3
862,仲有一個咧,仲有一個哩理,5,2
864,哈,拿,1,1
865,我又好想去睇,倒又好想去睇,6,1
866,但係我覺得哇好貴,但係覺得嘩好貴,8,2
867,咁我又話哎呀睇下參唔多喇咁後來有一次我妹妹系美國嘅佢就買咗,抌我話哎鹿睇哈啲擦唔多啊抌校代有一至我每妹喺哋角嘅佢睇U佢就買咗,29,18
868,啫個啫個啫係啫係,一個啫,8,6
869,放出嚟睇,當出離睇,4,2
870,哇咁都差唔多喇哈,特噉都擦唔多啊,8,5
871,雖然唔係直接現啊啊嘛,堆然唔係U接啊,10,5
872,如果有啲特別嘅啊,如果有啲特別嘅啊,8,0
873,咁或者我都會捨得去嘎喇但係,抌運者我都U寫得去但係,13,6
874,我又覺得有時我覺得我會,我又覺得有時我覺得我匯,11,1
876,譬如最近我系返嚟,比如最看我喺分離,8,5
877,佢系果度有好多孤兒啊啲咁,隊嗰度有好多姑意噉,12,8
878,佢哋咧,佢哋哩,3,1
879,冇冇水就係乾得好緊要啲河冇曬水沖涼都冇,冇冇水就離乾得好緊要啲河冇細水終涼都冇刻,19,4
880,我就話如果我花咁多錢去睇一場戲只係我好開心好高興睇隻眼好開心,到又話魚嗰我花咗好多錢去睇一醬氣之係好開心好高興睇隻眼開心,30,11
881,我俾咗呢個錢呢筆錢出去,我俾咗利個錢利筆錢出去,11,2
882,幫到人就算多兩啖水飲咧,幫倒人就算多兩U水飲U,11,3
884,所以我都要咧,所以我都要哩,6,1
887,哩過我都要平衡因為,啲個我都要去林欣咪,9,6
888,如果我唔唔咧太多咧我就變咗咧好似,要如嗰我唔唔哩太多哩我就變咗好紫,16,6
889,食又唔食多多著又唔要著得去好好咁咧就,食又唔食多多著又唔要著得好咁樣就,18,3
890,咁又唔剛嘅哈,噉又唔啱嘅,6,3
891,啫係,爹係,2,1
892,啫係係咪啊,遮係係唔係,5,3
893,哈咁呢個我一路都系到但唔係哈,大敢利個我一路都又刻,14,9
894,所以我有時候諗住咁你花幾多錢去咧,朵以我有時林住噉鯉花幾多錢去哩,16,6
895,咁好似一個國家嘅國慶啊咁放煙花好貴嘅喔放煙花幾百萬嘅喔,抌好至一個角家嘅角慶五抌鯉要方煙花都好貴個喎方煙花幾八U個喎,27,17
896,咁又係放定唔放啊嘛,抌又方痛唔方U拿,9,7
897,應該放啲渣啲嘅煙花佢咪便啲咯,煙該方啲U嘅煙花噉咪平啲囖,14,7
898,放短啲咯,方短啲囖,4,2
899,如果你想慳錢呢條路但係我覺得,余嗰理想慳錢U就好都花但係我覺得哩係,14,10
900,咧,哩,1,1
903,果個咧,嗰個哩,3,2
904,果個慶祝咧又好緊要,嗰個慶祝囖又好緊要,9,2
905,哈我哋唔可以話啊乜都做變咗個,大我哋唔可以話乜都唔做變咗個,14,3
908,果依樣咁我又唔同意咯咁啫係,嗰樣噉我又唔同意嘍抌就,13,7
909,兩樣都要要有,U養都要釣有,6,3
910,開心嘅日子但係又紀念人哋,開心嘅日子但係要有記唸人哋,12,4
911,窮困嘅時候我哋可以幫就去幫人咯,捧牙嘅時候我哋可以幫就去幫人囖,15,3
913,孩子大嘅時候咧我哋佢哋已經明白到咧,鞋子大嘅時候哩佢哋移經明白到U,17,6
914,搞個大咧唔係幾,搞個大囖唔係幾,7,1
915,佢哋好時宜家開始都唔慶祝嘅喇佢哋其實,佢哋好而家開紙都唔慶祝嘍隊哋期殺,18,8
917,有一年咧就我同我個女去咗,鬥一連嘍就我同我旅去咗,12,5
918,果度幫下手啊之類拎咗一大堆嘢俾佢送俾佢哋咁樣,嗰到幫拿手五拎咗大堆嘢俾佢放比佢哋噉樣,22,10
919,咁,抌,1,1
921,佢哋好好好你覺得好有係咪,佢哋好好好佢哋覺得好有係唔係,12,4
922,咁我宜家覺得果啲吃喝玩樂啊果啲咧啫係愛嚟做咧都唔係,抌我而家覺得嗰啲吃殼援樂案去做哩都唔係,25,14
923,我哋所鍾意做我哋鍾意唔鍾,我哋所中意我哋鍾意噉所以,12,5
924,哈咁我又會,那噉我哋會,5,3
925,咁都有試過我有一年我,噉都有試個有一連我,10,4
926,五十歲果年咧,UU歲嗰憐囖,6,5
927,去去咗去咗嘅去咗歐洲旅行,去去咗嘅對咗U兜旅行,12,5
928,咁又未去咁,抌又尾去個噉,5,4
929,去有啲地方咁又唔係去到啲最高級果啲,嗰度嗰啲地方抌又唔係去到啲最高咭嗰啲,17,6
930,果啲,嗰啲,2,1
931,旅行旅行團咧我哋啲低級啲嘅啫係睇下差就參唔多喇就咁哈,旅行旅行斷囖我哋啲係梯級啲爹係睇哈擦就擦唔多啊噉刻,26,13
932,咁有啲人又好鐘意去嘎,抌有啲人就好鍾意去啊,10,4
933,我本身又麻麻哋嘎鍾意啫係有啲好悶嘎,我本生就嫲麻哋鍾意豆啲就好悶,17,9
934,啫係淨係去睇鯨魚啊咁條鯨魚又唔見佢出嚟咁咁睇乜喇睇住個海一日到黑,爹係去睇件魚竟又叫出梨噉抵乜哩睇住個海囖都係,32,21
935,咁上邊你梗係搏命食嘎嘛你啫係你廿四小時都可以食,抌上便就緊係博唔食個马特四小時都可以食,23,13
936,但發覺,但係罰覺,3,2
937,哇咁嚟講咧,嘩噉離講,5,4
938,有少少感覺到喇,有少少感覺到啊,7,1
939,廿四小時都可以食嘅,廿四小時都可以食嘅,9,0
940,我覺得,離殺我覺得,3,2
941,點可能廿四小時都食嘢,點可浪廿四小時都食嘢,10,1
942,不如人人都唔會廿四小時繼續食但係啫話你大眼就可以食,得如人人都唔會廿四小時繼續食彈係遮係話理一乜大眼就可意食,25,8
943,咁大眼遊完水你又可以食,抌乜大眼油願水又可意食,11,6
944,你你玩完乜去賭完錢啊啊啊又去食咁,啊你揾願乜去土願錢暗又去食噉,16,9
945,好好,好好啊,2,1
946,我覺得好我冇乜興趣去,我覺得所以我冇乜慶菜去,10,4
947,喂有啲你唔可以唔食你上去岸到玩咯,得有啲理唔可以唔食咪上岸搵囖,16,7
948,咁我都會諗下如果有機會我未去過,抌我都會林卡如嗰有機回我美去個,15,7
949,譬如,被羽,2,2
950,啊去果啲地方啊,哪去嗰啲地方啊,7,2
951,就算去到啊咩咁我又會有興趣去因為果度有,就算去到五咩噉我都有興最U咪嗰度有,19,9
952,咁咁我可以選擇唔食咁多嘢嘎唔需要食咁多嘢,抌噉我可以損拃唔食噉多嘢嘅唔需要食噉多嘢,20,7
953,我係想睇多啲地方,到係想睇多啲地方,8,1
956,果陣時佢去走過嘅地方,嗰U時佢走個嘅地方,10,4
957,啫係我舊年就去咗喇,丹咪我舊鏈就去咗囖,9,4
958,就咁咁好啊哈,豆噉噉好咋刻,6,5
959,咁我咧今次去一個嘅,抌我覺得今至去咗個嘅,9,5
960,果啲果度,嗰啲嗰度,4,2
961,同埋果啲咧我我諗我想去都係儲錢咯咯,同咪嗰啲哩到我飲想去不個儲錢囖,17,10
962,我啲細蚊仔唔聽話,我啲細蚊仔唔听話,8,1
963,雖然話咧啫係啲人話唉唔打得細紋仔嘎呢到哈人哋吿你嘎鬧你嘎啊咁,雖燕話哩遮係啲人話爹唔答得細蚊仔嘍利度哪人哋狗理啊晒理啊,30,17
964,我都會少少打屁股嘎啫係哈,我都會少少答屁股啊,12,5
965,同埋有時,断咪有時,4,2
966,會好嚴厲話佢聽咧,會好艷來話佢听囖,8,4
968,啊嘛,呀,2,2
969,要要去到講唔睬你,隊講唔嘴理,8,6
970,因為,因咪,2,1
971,冇人睬你果時係好慘嘅,倒人嘴理嗰U時係好枕啊,10,7
972,所以自己咧中文叫做靜坐常思己過啊自己諗下自己做咗咩事,等佢自己哩中文叫做正座暗上司幾個啊自己拉拉自己做咗啲咩時,26,14
973,點解激到我咁嬲,點計激到我咁褸,7,2
975,即佢哋唔聽話果時咧,佢哋唔聽話趕時,9,3
976,我係好嬲,倒係好褸,4,2
977,咁有時佢都激到我,抌有時佢都激到我,8,1
978,大聲鬧都要但係啫係,大放朗都有但係遮係,9,4
979,當然唔應該大聲一大聲鬧冇咩用嘅,當燕唔應該大U里哩大U呀冇乜用嘅,15,7
980,啫係但係有時你要做工喇咁返嚟就照顧啲你咁多細蚊仔啊家務啊仲要咩,爹係但係理要做工囖返度離照顧啲噉多細蚊仔啊家無又做哩,31,15
981,咁有時如果佢哋唔聽話咧,噉有時如果佢哋唔听話哩,11,3
982,有啲嘢係亦啫係有啲嘢咧係好好嘅譬如話,睇哈啲嘢係爹係有啲嘢瀉係好嘅啫係話,18,8
983,你梗係要沖涼嘎嘛係咪但係佢咧又等到咧,李緊係要中涼啊马係唔係但係佢哋等到啊,18,10
984,我去沖果時佢又去沖喔,我去終個U時佢又去終喎,10,5
985,咁咪好煩嘎嘛我我屋企有七個人嘎嘛,抌咪好煩嘅马到我屋企有七個人嘍马,16,6
986,咁,抌,1,1
987,十點鐘話去沖涼了個個又去沖涼咁咪阻住曬我沖唔到咯,U點鐘我係中上嗰個又中兩噉咪阻住細我鍾唔倒嘍,24,15
988,咁我就會啲出嚟哈你唔沖完涼你唔好食飯,抌我就會啲出黎那哋唔鍾涼理冇食飯,18,9
989,啫係你可以早出去你佢哋三點幾放學了嘛,爹係理可以早中恩咪U地殺點幾放學暗马,18,10
990,咁但係咧,抌但係囖,4,2
991,你咧佢佢個啵因為啫係咧,哩去個喎丹咪啲人哩,11,10
992,總之你定出一啲,總之李聽出一啲,7,2
993,咧人就係要去,攞人就係要去,6,1
994,要去嘎,要去個呀,3,2
995,哩個係係嚟嘅所以你唔棟個牌系到話嘅嘅牌咧,啲個係係係離嘅咗以理唔重嘅白喺到話嘅牌哩,20,11
996,啲人都唔會開咁快你一定個牌啲人仲要飆快啲,啲人都唔會開咁快一停啲人重要U快啲嘅,20,7
997,啫係,爹係,2,1
998,哩過係冇得所以有時會激到你達達跳咯,哎個係冇咗所以有時會激到理帶嘞跳囖,17,7
999,咁我未結婚之前咧人哋就話,抌我尾結婚之前瀉人哋就話,12,3
1000,如果激得我嬲咧我請佢食嘢添啊啫係話應該激唔嬲我嘅,如嗰㓤得我褸哩我正佢食嘢點啊爹係話利個激唔U我嘅,24,10
1001,但係咧湊細蚊仔湊到我啫係有時啫係激氣啊,但係晝細蚊仔晝到我遮係有時激氣啊,19,6
1002,其實佢哋都係呃唔識嘢咯細個果陣時哈,其殺佢哋都係唔識嘢嘍細個趕時,17,6
1003,咁我有時就係話哇變咗,抌我又時就話嚹變咗,10,4
1004,真係要大聲喇嚇死我咁啊大,真係要大聲晒先得個但係,12,7
1005,你成日又都冇人聽你過嘎,理U日大成朗氣都冇人听李講啊,11,10
1006,反而有時咧唔唔出聲嚇死佢哋唔出聲阿媽嬲到記就唔出聲嘎啦,蛋意有時哩願轉唔出聲嚇死佢哋到唔出聲誒马樓解就唔出聲啊啊,27,13
1007,哈咁同埋都因為係,大噉同咪都恩咪巴啤係,8,7
1008,我丈夫好多時係日日出面有嘢要有開會啊咩咁喇咁變咗我一個人面對住佢哋咧個人唔聽話咧就,佢做工好多時要喺出便又嘢要開會暗噉哩抌變咗我一個人U對住佢哋哩佢又唔听話惡就,41,20
1009,激氣因為冇人你哈,旗人咪冇人理那,8,6
1010,咁你細個果時咧,抌鯉細個趕時U,7,4
1011,到大啲嘢啲嘢都咧就會冇乜好激氣嘅,到大啲哩啲嘢到瀉就我都冇激氣嘅,16,7
1012,但係每個人都一啲,但係每一個人都一啲,8,1
1013,有好多嘅世界入邊好多多嘅呀好多嘅,係好多嘅世界U便好多嘅啊好多嘅,16,5
1015,嘅嘢啫係想去試下哈所以我哋做做父母我哋又好想啲細蚊仔,嘅嘢爹係人人想去試拿朵意我哋做父冇好想啲細蚊仔,26,12
1016,有啲嘢你唔試得嘎唔通你,有啲嘢理唔試得嘅唔同理,11,4
1017,試下啲乜人人都話啊就好得意啊試下啲啊試下啲啊啫係乜,人哋話嘢係好得意啊U拿啲可U拿啲UU拿啲乜乜,25,18
1018,咩咩揈頭丸啊都唔試得嘎嘛果啲嘢,爹飞球丸暗都唔U得呀马嗰啲嘢,15,9
1019,但係你要花好多精神去,但係理要花好多精神去,10,1
1020,點解你哋唔去得哈唔食得,點計理唔學得唔試得,11,6
1021,當然又好感謝神佢哋冇試過佢哋都冇諗過淨係佢哋朋友咧都,當然我好噉姐份佢哋冇試個佢哋都冇淋個定係佢啲朋友啊都,26,10
1022,冇諗過但係但係如果你識得啲朋友唔好咧,冇淋個但係如嗰理識得啲朋友唔好U,18,7
1023,帶你去你就覺得好得意,帶理去理就覺得好得意,10,2
1024,玩啊咧咁就慘咯,蛋五瀉噉就慘囖,7,5
1025,咁我聽聞宜家香港咧嘅嘅,抌我聽問而家張U嘢嘅嘅,11,6
1026,嘅就係,嘅嘅就係,3,1
1027,好多孩學生咧,倒多學學生囖,6,3
1028,都吸毒,都級讀,3,2
1029,而且係好細個嘎,耳者係好細個,7,3
1030,七八九歲啊果啲都有嗯,七八九歲啊嗰啲都有,10,2
1032,咁哩個係,抌利個係,4,2
1033,因為容易啲走甩啊嘛,因為用意啲酒甩按马,9,5
1034,啫係捉捉佢哋都罰唔到啲乜喇咁樣,爹係捉捉佢都浮唔倒咩囖,15,9
1035,哩個係好好咯因為,啲個係好好囖因咪,8,3
1036,啫係,遮係,2,1
1037,有好多時又發現咧,有好多時又發然囖,8,2
1038,果啲系邊到嚟嘅咧你話系加拿大運入去個喔聽聞,嗰啲喺邊度離嘅囖斷U喺揸嚹大運U去個喎聽問,21,13
1039,系果邊又有唔知點樣運到去啊,第嗰便又有唔知點韞到,13,7
1040,啫係,爹係,2,1
1041,當然我估仲有好多地方嘅啊唔知邊到都做喇唔清楚喇哈,當燕我姑中好多地方嘅啊啊唔知邊度都做啊唔蒸咗喇那,24,10
1042,但係,但係,2,0
1043,我知佢,我知道,3,1
1048,點解要去搞呢啲嘢咧,點偈要去教利啲嘢U,9,4
1050,好多時俾人到果啲,好多時俾人滑倒啲,8,2
1051,屋啊果啲大麻屋啊或者啲嘅屋咧,屋案嗰啲大𠻺屋和話姐啲嘅屋囖,14,7
1052,好多係嚟咯,好多係,5,2
1055,好啫係覺得好醜怪咯哈,倒姐係覺得好走怪囖,10,5
1056,咁其實,抌其殺,3,2
1057,咩嘅嘅人都都做都有犯錯,咩嘅嘅人都都做都有返罪,11,2
1058,有啲犯得叻果啲唔會啊俾你捉到啊真,有啲返得哩俾理唔會比理捉到嘅真,16,8
1059,佢哋果啲佢捉到果啲咧只係果啲,隊哋嗰啲佢捉到嗰啲U只係嗰啲,14,5
1060,馬仔嚟嘅啫,马仔來嘅借,5,3
1061,捉唔到果個咧,篤唔倒嗰個囖,6,4
1062,咩唔知喇哈,咩唔知呀哈,5,1
1064,哈捉到果啲咧就係,係度拿篤倒嗰啲囖就係,8,7
1065,嚟嘅,離嘅借,2,2
1066,代罪羔羊咧,掛住高人咩,5,5
1067,最叻果個唔會俾你捉到,對力嗰個唔會俾理捉倒啊,10,6
1068,但係哩啲咁嘅嘢咧,但係利咁嘅嘢U,8,3
1069,仲有啲係最令人心痛果啲係,仲有啲係最U人心痛嗰啲係,12,2
1070,喇喇,阿呀,2,2
1071,啊,呀,1,1
1072,有個嘅,有個嘅,3,0
1073,朋友講我聽,朋友講我听,5,1
1074,佢一日咧每日係有,佢一日里會係有,8,3
1075,九萬個係新嘅出嚟我話咩九萬啊九萬,狗U個上係新嘅到咩狗U案狗U,16,12
1078,啫係我覺得離譜啊冇咁多啫,爹係我覺得離抱喎冇噉多借,12,5
1079,佢話係啊仲多啲都有啊,隊話係五仲多啲都有啊,10,2
1080,一日咁樣彈出嚟啲人唔知坐系到做乜過喔啫係啫係,一日咁樣誕出梨啲人都唔知咗喺度做乜個喎爹係遮係有啲,22,12
1082,系都哩啲咁樣嘅,喺度利啲咁樣嘅,7,3
1084,我真係發覺好慘,倒真係發覺好慘,7,1
1085,咁,抌,1,1
1086,好似一個嘅冇得冇得組阻止因為,四住好至一個嘅冇得冇得咗指欣咪,14,8
1087,都幾難捉嘅,都幾蘭燭嘅,5,2
1088,唔係唔到唔捉到捉到但係好難如果突然間有幾幾十萬人系到搞緊啲嘢你點點捉咧,唔係唔度唔捉倒捉倒倒但係好欄蚊咪理知唔知U嗰带現間有幾幾UU喺度教啲嘢點點捉U嘢,35,25
1089,啫係慢咯啫係要捉系好慢好似我覺得,爹係U囖啫係要捉係好U爹係我覺得,16,7
1091,好似我哋哩過嘅,倒至我哋利個,7,5
1093,就嚟會死嘎啦咁樣嘅感覺,豆黎會死個啊噉樣嘅感覺,11,5
1095,咧我又知道,哩我知道,5,2
1096,有出路嘅又唔係好似我諗得咁差,有出露嘅豆唔係好至我林得咁擦,14,5
1098,如果你知得太多你如果去警察局問,如果理枝得太多哋如果理去警察夾問精,15,6
1099,清楚知多啲咧你直情咧,叮咗啲多啲嘞理直靜哩,10,7
1100,唔敢再知因為太慘,唔敢最知恩咪太擦,8,4
Total CER: 5077/11552=0.44,,,,
