NUM,EXPECTED,C1M52B_qwerty,# characters,edit distance
1,㗎,㗎,1,0
2,真嘅,真嘅,2,0
3,嘩你識呀,嘩李識呀,4,1
5,我叫做,到叫做,3,1
6,我幾年出世我一九五六年出世,到幾連出細到一九五六年出細,13,5
7,喇五十二歲啊,喇五十二稅呀,6,2
8,我自己個家庭,到自己個嘉停,6,3
9,我我,倒賣我巴,2,3
10,而家呢個家庭我有,而家利個家停我有,8,2
11,計埋我有四個人,計埋我有四個人,7,0
13,太太同,戴太同,3,1
14,一仔一女,一仔一U,4,1
15,我自己嘅家庭有七個人,到自己嘅家停有七個人,10,2
16,爸爸媽媽,嗱巴嫲媽,4,3
17,家姐然後我有三個兄弟,家姐然後哦有三個兄弟,10,1
18,我係尾二嗰個,到係尾咦嗰個,6,2
20,我住喺,倒住喺,3,1
21,香港,張董,2,2
22,九龍,走凍,2,2
23,吓,下,1,1
24,我喺香港度長大到十,到喺揚擋度長大到十,9,3
25,十八歲幾十九歲啦,十八歲幾十九歲喇,8,1
26,我來加拿大係為咗讀書,倒離啦吔大係為咗讀書,10,4
27,我嚟到加拿大我去咗,倒離倒啦打大我去咗,9,5
28,讀,讀,1,0
29,噉就,抌就,2,1
30,跟住就,因住就,3,1
31,去讀書,去讀書,3,0
32,讀,讀,1,0
33,唔係,唔係,2,0
34,我讀書嘅時候我喺嚟咗加拿大我爸爸就過身喇,到讀書嘅時候我喺假離咗楂嚹大我爸巴就個新怕,20,9
35,啊我媽媽喺香港,𠻺我嫲媽喺張董,7,4
36,佢哋係中國大陸出世,隊哋喺東動大讀出細,9,6
37,喺廣東啩,喺陽東啩,4,1
38,邊個城市我就唔知喇,癲個成市我就唔知嚹,9,3
39,係,第,1,1
40,日本仔打仗之後即係,日本仔打仗之後啫係,9,1
41,大概我諗係,大概我林係,5,1
43,四零年幾即係,四零連幾啫,6,3
45,即係,遮係,2,1
47,啊四零年代啦,𠻺四零年代喇,6,2
48,五零年,五零年,3,0
49,四零年代四零年,四零年代四零年,7,0
50,好難啦梗係,倒難啦梗係,5,1
52,因為我哋從未,因為我哋重美,6,2
53,去過第二度㗎嘛,去過第二度𠺢嗎,7,2
54,噉我哋有,噉我哋有,4,0
55,但係我自己有,但係我自己又,6,1
56,仲係年青,仲係年清,4,1
57,噉又唔係好識講呢度嘅語文,抌又唔係好識講依度嘅語問,12,3
58,噉又冇人識,抌又冇人熄,5,2
59,噉梗係好辛苦喇,噉等係好辛苦嚹,7,2
60,最難係係孤單,對難係係姑單,6,2
62,因為一個人嚟到吓開頭未有朋友,因為一個人離到下開頭未有朋友,14,2
63,吓噉就自己一個人就好寂寞,下噉就自己一個人就好U莫,12,3
64,係一個係讀十三班嘅,第一個係讀十三班嘅,9,1
65,吓,下,1,1
66,喺香港係讀完中學,喺張擋係讀完忠學,8,3
67,我童年,倒同年,3,2
68,童年係,冬年係,3,1
69,貧扶囉貧困,U符囖U困,5,4
70,屋企係窮,屋企係熊,4,1
71,但係都幾快樂,但係都幾快樂,6,0
72,幾開心㗎,幾開心𡃉,4,1
73,我嘅故事係童年嘅時候我都好有自信,到嘅故事係同嗰時候我都好有字信,16,5
74,因為我,因為我,3,0
75,我讀書唔使點讀但係我都讀得幾我讀書成績好都都唔錯,我讀書唔駛點讀但係我都讀得幾我讀書剩即好都都唔錯,24,3
76,我,倒,1,1
77,好奇怪因為,好奇怪因為,5,0
78,我爸爸媽媽唔係基督徒但係,我爸巴嫲媽唔係基督徒但係,12,2
79,佢哋寧願畀學費送我哋去基督教嘅小學,佢哋寧願俾學費送我哋去基督教嘅小學,17,1
80,噉我,抌我,2,1
81,我讀完小學,我讀完小學,5,0
82,我又去咗一間基督教嘅中學讀,我又去咗一間基篤教嘅忠學讀,13,2
83,呢個好好得意吓好奇怪,呢個好好得意下好奇怪,10,1
84,係冇冇嘅即係冇計劃嘅,第冇冇嘅啫係冇計畫嘅,10,3
85,但係噉樣吓,但係咁樣下,5,2
86,有啲好有啲唔好啦,有啲好有啲唔好喇,8,1
87,吓,下,1,1
88,邊啲最好呀,癲啲最好呀,5,1
89,試過有幾個先生係,底個有幾個先生係,8,2
90,係特別好嘅吓係啲,係特別好架下係啲,8,2
91,都係啲數學老師啊噉樣吓,都係啲數學老師啊噉樣下,11,1
92,聖經先生係好惡嘅,顶經先生係好惡嘅,8,1
93,要唸聖經囉,吊唸聖經囉,5,1
94,唔識唸就鬧好惡㗎,唔識黏就爛好惡架,8,3
95,吓所以我哋好怕啲聖經先生,特所以我哋好怕啲性經先生,12,2
96,佢哋就唔會話,隊哋就唔會話,6,1
97,即係,遮係,2,1
98,體罰即係就唔會有,睇罰遮係就唔會有,8,2
99,罰嘅,罰嘅,2,0
100,但係就,但係就,3,0
101,好大聲,好大聲,3,0
102,好嚴厲,好嚴厲,3,0
103,吓,下,1,1
104,當然啦,當然娃,3,1
105,吓香港嘅,下張董嘅,4,3
106,老師嘅,老師嘅,3,0
107,所謂,所謂,2,0
108,紀律係,幾律係,3,1
109,係好緊要嘅,係好緊要嘅,5,0
110,我哋係,我哋係,3,0
111,一定要聽話,一定要聽話,5,0
112,唔可以,唔可以,3,0
113,反對老師嘅,反對老師嘅,5,0
114,佢就唔開心囉噉我哋就會好驚佢會,佢𠻺唔開心囖噉我哋就會好驚佢會,15,2
115,即係,遮係,2,1
116,係啊對我哋唔公平囉,係呀對我哋唔公平囖,9,2
117,係我哋就係,第我哋就係,5,1
118,要服從啊,要服蟲呀,4,2
119,絕對要服從老師,絕對要服蟲老師,7,1
120,呢個係,哎個係,3,1
121,我哋細個讀書嗰個環境係噉,我哋細個讀書嗰個環境係噉,12,0
122,加拿大啲老師,加拿大啲老師,6,0
123,呢度係比較個人主義化吖嘛,啲度係俾較個人蛀二化吖嗎,12,5
124,所以就,所以就,3,0
125,係畀啲學生多啲自由,係俾啲學生多啲字油,9,3
126,去自己,去自己,3,0
127,有自己嘅啟發,有自己嘅啟法,6,1
128,唔係淨係聽先生講,唔係靜係聽先生講,8,1
129,所以,所以,2,0
130,就比較自由開放咗啲囉,就俾較字遊開放咗啲囉,10,3
131,即係開放,遮係開放,4,1
132,讀書啊風氣啊,讀書呀風氣呀,6,2
133,態度啊,太度呀,3,2
134,等鼓勵你自己去,等股勵你自己去,7,1
135,去,去,1,0
136,去去搵啊,去去搵呀,4,1
137,自己去,自己去,3,0
138,啟發,啟法,2,1
139,但係,但係,2,0
141,變咗,變咗,2,0
142,造成嗰個氣,做成嗰個氣,5,1
143,嗰個氣氛嗰個,嗰個汽U嗰個,6,2
144,環境呢就係,還境屋就係,5,2
145,比較自由啲囉即係佢唔會,俾鉸自油啲囖啫係佢唔會,11,5
146,係監你一定要聽嗮佢講,係監你一定要聽晒佢講,10,1
147,我哋要自己去,倒哋要自己去,6,1
148,去去去搵去去搵答案啊,去去去搵去去搵答案呀,10,1
149,去學啊噉囉,去學啊噉囖,5,1
151,一一啲啲啦,一一啲啲喇,5,1
152,吓,下,1,1
153,吓,下,1,1
154,好處就係係,好處就係係,5,0
155,係比較即係,係比較啫係,5,1
156,叫我自己係要獨立性多啲囉,叫我自己係要讀垃性多啲囉,12,2
157,但係個唔好處就係,但係個唔好處就係,8,0
158,冇咗嗰個紀律即係冇個,冇咗嗰個几律啫冇個,10,3
159,就就係,豆就係,3,1
160,鬆啲囉啲噉有時就,鬆啲囖啲噉有時就,8,1
163,太過自由又又,太個字由又又,6,2
164,變咗放縱囉,變咗放重囉,5,1
165,讀完大學畢業就係㗎喇,讀完大學畢業就係𡃉嚹,10,2
166,就要出嚟搵嘢做賺錢,豆要出梨揾嘢做賺錢,9,3
167,自立㗎喇,自蠟架喇,4,2
169,我覺得,到覺得,3,1
170,冇乜話規定要讀幾多書但係最緊要就係佢哋都係識得自己獨立囉,冇乜話規定要讀幾多書彈係最緊要就係佢哋都係識得自己讀蠟囖,28,4
171,吓,𠻺,1,1
172,但係如果佢哋興趣係鍾意,但係如果佢哋興趣係鍾意,11,0
173,繼續讀書嘅,繼續讀書嘅,5,0
174,噉都係佢自己嘅選擇,噉都係佢自己嘅選擇,9,0
175,我都冇辦法阻止,我都冇辦法咗指,7,2
176,但係就希望佢哋可以自己,但係就希望佢哋可以自己,11,0
177,自己,自己,2,0
178,唔使倚賴父母自己可以獨立,唔細咦賴父冇自己可以讀蠟,12,5
179,而家,而家,2,0
180,冇㗎喇,冇架喇,3,1
182,隨佢哋自己鍾意,除佢哋自己鍾意,7,1
183,冇乜特別,冇乜特別,4,0
184,希望佢哋讀咩總言之,希望佢哋讀咩種然知,9,3
185,佢能夠,佢能夠,3,0
186,即係,遮係,2,1
187,讀得成功,讀得成功,4,0
188,可以自己獨立有自己,可以自己讀蠟有自己,9,2
189,嘅生活,嘅生活,3,0
190,噉就好,噉就好,3,0
191,好滿足㗎喇,好滿捉㗎喇,5,1
192,吓,𠻺,1,1
193,我個嗰個學校,我個嗰個學校,6,0
194,好特別,好特別,3,0
195,好多人,好多人,3,0
196,佢因為個城市呢係將所有嘅十三班呢,佢因為個成市哩係張所有嘅十三班囖,16,4
197,係,係,1,0
198,擺埋喺兩間中學㗎啫,擺賣喺兩間中學個啫,9,2
199,我去讀嗰間係其中一間,到去讀嗰間係其中一間,10,1
200,而係我嗰間呢係特別少亞洲人嘅,而係我嗰間惡係特別小啊周人嘅,14,4
201,中國人就係有一有個香港嚟九個,終角人就係有一支有個張董離九個,14,6
202,一個喺臺灣嚟噉全學校就大概有,一個喺台灣離噉全學校就大概有,14,2
203,七百幾八百個學生,七百幾八百個學生,8,0
204,所以,所以,2,0
205,我哋係屬於好少數,我哋係屬於好笑掃,8,2
206,多數都係本地嘅,多數刀係本地嘅,7,1
207,學生本地嘅人啦,學生本地嘅人喇,7,1
208,吓噉都有唔同嘅種族嘅,𠻺抌都有唔同種U嘅,10,4
209,有少少亞裔,有少少呀隊,5,2
210,有啲菲律賓人,有啲菲律賓人,6,0
211,有但係好少,有但係好笑,5,1
212,吓多數都係,刻多數刀係,5,2
213,白人多,白人多,3,0
214,吓,下,1,1
215,同啲嘅學生,動啲嘅學生,5,1
216,大部分都冇問題,大部饭都冇問題,7,1
217,吓佢哋對我哋都好有興趣因為覺得我哋,下佢哋對我哋都好有興趣因為覺得我哋,17,1
218,係好特別,係好特別,4,0
219,吓因為佢哋都好少同外國嘅學生接觸,那蚊為佢哋都好少同外角嘅學生摺燭,16,5
220,吓,吓,1,0
221,噉,抌,1,1
222,啊都大致上都,都大至上都,6,2
223,都幾好,都幾好,3,0
224,我有一兩個都特別,到有一兩個都特別,8,1
225,好嘅同學,好嘅同學,4,0
226,都係,都係,2,0
227,都係白人,都係白人,4,0
228,但係佢哋好似我噉都係新嘅移民,但係佢哋好次我噉都係新嘅移慢,14,2
229,吓又一個係新喺英國嚟嘅移民,下到一個係新喺叮落離嘅移慢,13,6
230,有另外一個呢就係,有另外一個哩就係,8,1
231,係,係,1,0
232,本地嘅,本地嘅,3,0
233,意大利裔,意大利隊,4,1
234,同埋,同埋,2,0
235,印第安人即係本地土著嘅,因第安人啫係本地禱U嘅,11,4
237,嘅嚟嘅,嘅離嘅,3,1
238,所以我哋特別係好吓噉都,所以我哋特別係好吓噉都,11,0
239,幾開心㗎,幾開U𡃉,4,2
240,即係同呢啲朋友,爹係同哩啲朋友,7,2
241,放咗學,當咗學,3,1
242,佢哋就有時,佢哋就有時,5,0
243,嚟搵我出去打打保齡球囉噉同埋有時又去,離搵我出去打打保齡球囖噉同埋有時又去,18,2
244,佢哋有啲我哋啲同學有啲嘅屋企裏便,佢哋有啲我哋啲同學友啲嘅U企裏便,16,2
245,玩下嗰啲啊吓玩下玩下啲噉囉,玩下嗰啲呀夏玩吓玩下啲噉囖,13,4
246,吓,吓,1,0
247,嗰陣時就冇乜冇嘅,嗰汁時就冇乜冇嘅,8,1
248,噉呢一班我出去一齊玩呢啲都係,抌利一班我出去一齊玩哩啲都係,14,3
249,冇女仔嘅全部都係男仔嚟㗎吓,冇裏仔嘅全部都係男仔來𡃉吓,13,3
250,而家,地家,2,1
251,都有啲吓,都有啲下,4,1
252,多數都中國人吓,多數都中國人吓,7,0
253,一齊食飯啊傾偈啊噉囉一係有時一齊去旅行囉,一齊食飯呀傾偈呀噉囖有時一齊去旅行囖,20,6
254,去咗都去好多唔同地方有遠有近,對咗都去好多唔同哋方有遠有近,14,2
255,係囉嗱我哋去過啦一齊,第囉拿我哋去個喇一齊,10,4
256,吓噉都,打噉都,3,1
257,幾好玩㗎係囉,幾好玩𡃉係囖,6,2
258,而家我住呢區,而家我住利區,6,1
260,咩嘢人都多而家都係,咩嘢人都多而家都係,9,0
261,移民同本地人都一半一半我兩便嘅一一邊就係本地,移民同本地人都一半一半到兩邊嘅一一邊就係本地,22,2
262,土長土生土長大嘅,桃獎桃生土槳大嘅,8,4
263,吓另外一便都係外國,打另外一便都係女國,9,2
264,中東嘅移民,中東嘅移慢,5,1
265,係㗎我諗係,第㗎我飲係,5,2
266,吓,打,1,1
267,噉對面啊嗰啲就有好似我噉嘅香港嘅移民,抌對面啊嗰啲就有好似我噉嘅香港嘅移慢,18,2
268,又有第二度地方嚟嘅移民,豆有第二度地方來嘅移慢,11,3
269,都,都,1,0
270,好嘅,好嘅,2,0
271,我喺呢一區就,到係利一區就,6,3
272,應該有,應該有,3,0
273,九七九八都,九七九八都,5,0
274,都有成,都有成,3,0
275,應都有成二十,應都有成二十,6,0
276,二十年二十幾年喇好吓多過二十年,二十年二十幾年嚹好下多個二十年,15,3
277,吓,打,1,1
278,吓,打,1,1
279,但係我即係我搬過都係喺呢一區吓所以都算係呢一區囉,但係我啫係我搬個都係喺利一區下所以都算係利一區囉,24,5
280,大概都二十吓,大概都二十下,6,1
281,多過二十年,多個二十連,5,2
282,我兩個裏便嘅鄰居都唔係咁好嘅吓,到兩個類便嘅倫居都唔係咁好嘅下,15,4
284,對面有一家即係香港嘅移民噉就比較,對面有一家姐係張朗嘅移民噉就比較,16,3
285,比較熟啲,比較熟啲,4,0
286,吓其他嗰啲,落其他嗰啲,5,1
287,有啲打下招呼吓甚有,有啲打下招呼下甚有,9,1
288,有啲就甚至冇冇打招呼啊吓,有啲就甚至冇冇打招呼啊下,12,1
289,特別我隔籬呢個,特別我隔離利個,7,2
291,土生土長嗰啲一家人呢佢對我哋好妒忌嘅,桃生土獎嗰啲一加人哩佢對我哋好到技嘅,18,6
292,吓所以畀好多麻煩我,打所以俾好多麻煩我,9,2
293,佢妒忌我哋,隊到技我哋,5,3
294,嘅我哋唔係喺呢度出世唔喺呢度長大但係我哋又比佢成功嘛,嘅我哋唔係喺利度出細唔喺利度長大但係我哋又俾佢成功嘛,26,4
295,歧視一定有吓但係,離事一定有下但係,8,3
296,比我哋初嚟嘅時候嗰個,俾我哋初厘嘅時候嗰個,10,2
297,程度呢應該起碼表面上係差好遠喇,程度哩應該起嗎表面上係差好遠嚹,15,3
298,有我隔籬嗰個,有我隔離嗰個,6,1
299,我隔籬嗰個正話我講嗰個嘅,我隔離嗰個成話我講嗰個嘅,12,2
300,個鄰居呢佢就係對我哋好,個倫居囉佢就係對我哋好,11,2
302,好妒忌啦吓所以有時啲態度啊同埋大家相處啊你都知道佢係,好到技啦下所以有時啲太度呀同埋大家傷儲U理都知道佢係,26,9
303,吓佢係對我哋有歧見啦唔好話歧視吓,下佢係對我哋有奇見喇冇話奇視,16,7
304,做工嗰度,度工嗰度,4,1
305,表面上就,表面上就,4,0
306,都冇嘅以前我一嚟到加拿大做工我開始喺加拿大做工嘅時候,都冇嘅以前我一來到得得大做工我開始喺喇喇大做工嘅時候,26,5
307,我哋中國人就係好少數,我哋中國人就係好笑掃,10,2
308,噉佢哋知道我哋係唔可以同佢競爭,抌佢哋知道我哋係唔可以同佢勁脏,15,3
309,所以對我哋就冇乜特別嘅即係歧視,所以對我哋就冇乜特別嘅啫係奇視,15,2
310,但係後來呢,但係後來囖,5,1
311,當佢知道我哋都即係對佢有有威脅喇噉都會有啲嘅,當佢知道我哋都姐係對佢有有威U嚹噉都匯有啲嘅,22,4
312,因為佢覺得我哋始終都係,因為佢覺得我哋始終都係,11,0
313,溝通啊語言語言啊嗰啲始終,溝通呀如言語言呀嗰啲始終,12,3
314,佢覺得我哋係不及佢哋,裏覺得我哋係筆U佢哋,10,3
315,但係我哋又,但係我哋又,5,0
316,有時成功過佢哋呢噉佢哋始終都,有時成功個佢哋哩噉佢哋始鍾都,14,3
317,係唔係幾開心囉,係唔係幾開心囖,7,1
318,噉可能即係對我哋嘅態度啊好多嘢都都會有排斥,抌可浪遮係對我哋嘅態度啊好多嘢都都會有排U,21,4
319,吓,嗱,1,1
320,即係但係,爹係但係,4,1
322,因為隨住我哋移民多啦,因為脆住我哋二文多喇,10,4
323,整個多倫多呢個城市,整個多敦多利個成市,9,3
324,整個嘅文化啊嗰啲種族啊都改變得好緊要啦而家,整個嘅文化啊嗰啲種U啊都改變得好緊要嚹而家,21,2
325,即係我哋所謂呢啲有色嘅,遮係我哋所謂哩啲有色嘅,11,2
326,人種,人種,2,0
327,係佔呢個城市嘅大多數咯,係U哩個成市嘅大多素囖,11,5
328,所以,所以,2,0
329,一般表面上嘅所謂歧視就,一搬表面上嘅所謂旗是就,11,3
331,冇冇我哋以前,冇冇我哋以前,6,0
332,初初嚟到嘅時候即係有啲有啲有啲經驗啊有啲遭遇咁咁明顯嘅,初初離到嘅時候啫係有啲有啲有啲經驗啊有啲租魚咁咁明顯嘅,27,4
333,但係,但係,2,0
335,我可以話都改即係改進咗好多㗎喇吓唔,我可以話都改姐係改盡咗好多𡃉嚹吓唔,17,4
336,特別我覺得下一代呢,特別我覺得下一袋囖,9,2
337,因為下一代喺呢一個多元文化嘅環境長大呢,因為下一袋喺利一個多U文化嘅環境槳大囖,19,5
338,佢哋對呢啲所謂種族歧視就,佢哋對利啲所謂種UU視就,12,3
339,嗰個,嗰個,2,0
340,我發覺就反為,我發覺就反為,6,0
341,冇乜呢個嘅概念,冇乜利個嘅蓋唸,7,3
342,同埋都唔覺得係有特別一個嘅問題囉,同埋都唔覺得係有特別一個嘅問題囖,16,1
343,你講喺加拿大呢個,地講喺楂U大利個,8,4
344,我爭好遠啊因為我以前好似話畀你知我喺,我爭好遠啊因為我以前好似話俾你知我喺,18,1
345,讀中學嘅時候呢我要行,讀中學嘅時候囖我要行,10,1
346,落咗巴士要行,落咗巴士要行,6,0
347,都要行一段時間先至返到學校呢,都要行一短時間先至返到學後囖,14,3
348,噉一路一路上邊呢都有啲細路仔呢係講一啲真係,抌一路一路上便哩都有啲細路仔囉係講一啲真係,21,4
349,種族歧視嘅,種UU是嘅,5,3
350,噉樣就笑我哋㗎,咁樣就笑我哋𡃉,7,2
351,即係講咩咩又咩物物噉吓,遮係講咩咩又咩密襪噉下,11,4
352,但係而家即係現在我覺得就,但係而家姐係現在我覺得就,12,1
353,已經,已經,2,0
354,好少聽見啦吓,好少聽見喇下,6,2
355,好少有呢啲細路仔係畀父母教我覺得嗰啲細路仔點解會噉樣,倒少有利啲細路掣係俾父冇教到覺得嗰啲細路掣U解會噉樣,26,8
356,即係講埋啲噉嘅嘢呢都係因為父母啊,遮係講埋哩噉嘅嘢U都係因為父冇啊,16,4
357,或者有啲朋友教佢哋,或者有啲朋友教佢哋,9,0
358,噉我覺得而家呢一代嘅細路仔已經冇咗呢一種,抌我覺得而家利一代嘅細路仔已經冇咗利一種,20,3
359,呢一種噉嘅灌輸,呢一種噉嘅罐書,7,2
360,嗱即係唔會有人唔會覺得,拿姐係唔會有人唔會覺得,11,2
361,即係,遮係,2,1
362,有色嘅人種啊或者特別嚟嘅係咁,有色嘅人種啊或者特別離嘅係咁,14,1
363,點啊即係咁咁奇怪咁即係咁,點呀遮係咁咁奇怪咁遮係咁,12,3
364,咁即係同佢哋咁唔同啊,咁遮係同佢哋咁唔同啊,10,1
365,吓比較佢哋已經即係,打比較佢哋已經啫係,9,2
366,日民族之間,日文逐支間,5,3
368,族裔之間嗰個嘅,逐睡之間嗰個嘅,7,2
369,到我覺得都比較和諧啲同埋,到我覺得都比較和械啲同埋,12,1
370,都因為,都因為,3,0
372,而家呢特別喺多倫多呢你下一代而家讀書返去到學校呢,而家囉特別喺多輪多利李下一代而家讀書返去到學校嘞,24,5
373,真係乜嘢人種都有呢噉佢哋就,真係乜嘢人種都有囖噉佢哋就,13,1
374,我就冇噉多覺得有有即係,我就冇噉多覺得有有啫係,11,1
375,咁分化囉,咁分化囖,4,1
376,佢哋都大家都互相嘅,隊哋都大家都U相嘅,9,2
377,即係混混合得幾好吓,遮係搵搵U得幾好吓,9,4
378,自己嘅經歷都冇乜冇乜,自己嘅經力都冇乜冇乜,10,1
379,有呢啲去到小城市裏便都冇乜話有啲咩,有利啲去到小成市裏便都冇乜話有啲咩,17,2
380,呢啲噉嘅經歷,哎啲噉嘅經力,6,2
381,但係喺新聞啊報導啊都都聽見會有囉,但係喺身聞啊報度啊都都聽見會有囖,16,3
382,就好似好多亞亞洲人去釣魚畀人擁落水啊,豆好似好多啊啊周人去釣魚俾人U落歲啊,18,7
383,啊呢啲都係好明顯係特別針對嗰啲亞洲人啊噉,呢啲都係好明顯係特別針對嗰啲啊周人啊噉,20,3
384,噉都有嘅我諗我相信都有,抌都有嘅我諗我相信都有,11,1
385,因為喺,因為喺,3,0
386,細啲嘅城市裏便嗰啲人呢都比較保守啲囉思想都係比較守舊啲,細啲嘅成市類邊嗰啲人爹都比較寶手啲囖師相都係比較手舊啲,27,10
387,但係封閉啲囉,但係風摆啲囖,6,3
388,因為佢哋對外界嘅接觸係少啲吖嘛,因為佢哋對愛界嘅接足係小啲吖嗎,15,4
389,所以佢哋嘅思想可能比較封閉啲,所以佢哋嘅師想可能比較風摆啲,14,3
390,對外族就冇咁容易接受囉但係大城市我覺得就,對愛足就冇咁容易接瘦螺但係大成市我覺得就,20,5
391,特別多倫多已經,特別多輪多已經,7,1
392,冇乜呢啲噉嘅現象吓,冇乜啲啲噉嘅現U下,9,3
393,以前你講喺加拿大嗰啲後生嗰啲即係,以前李講喺媽吔大嗰啲後生嗰啲遮係,16,4
394,年青細嗰啲一代啦,年清細嗰啲一袋喇,8,3
395,以前移民仔女呢,以前移民仔裏囖,7,2
396,係見到父母因為好勤力做嘢,係堅倒父冇因為好勤力做嘢,12,3
397,同埋,同埋,2,0
398,生活比較即係,生活比較啫係,6,1
399,比較冇咁富裕囉,比較冇咁褲預囉,7,2
400,因為喺,因為喺,3,0
401,喺西方特別喺北美洲呢,喺西方特別喺北美洲嘞,10,1
402,一般嚟講都係比亞洲係進步同富裕吖嘛,一搬離講都係俾啊周係進步同褲預吖嗎,17,8
403,所以喺外地嚟嘅人多數都係窮啲㗎,所以喺女哋離嘅人多數刀係U啲𡃉,15,6
404,特別,特別,2,0
405,即係話你移民嚟到呢都係比較窮,遮係話你移民離到U都係比較U,14,4
406,窮困啲,冬困啲,3,1
407,噉,抌,1,1
408,因為生活呢又一般嘅移民,因為生活囉又一般嘅移慢,11,2
409,父母呢都好勤力做嘢,父冇囉都好勤力做嘢,9,2
410,比較辛苦,比較辛苦,4,0
411,噉,抌,1,1
412,啲仔女嘅見到呢佢哋自然呢就佢哋嘅,啲仔裏嘅見到囖佢哋自然囖就佢哋嘅,16,3
413,長大呢都睇到噉就,長大屋都睇倒噉就,8,2
414,佢哋都好用好有心機去讀書,佢哋都好肉好有心機去讀書,12,1
415,同埋佢哋嗰個,同埋佢哋嗰個,6,0
416,讀書嗰個嘅目標都好清晰就一定要讀書好,讀書嗰個嘅目錶都好清飾就一定要讀書好,18,2
417,跟住出嚟搵好工,忍住出梨搵好工,7,2
418,搵到好工呢噉就賺錢噉就有可以可以有錢噉就可以,躉倒好工瀉噉就賺錢噉就有可以可以有錢噉就可以,22,3
419,可以唔使好似父母噉做嘢咁辛苦,可以唔駛好似父冇噉做嘢咁辛苦,14,2
420,所以以前嗰啲,所以以前嗰啲,6,0
421,移民嘅,移民嘅,3,0
422,即係移民嘅子女,爹係移民嘅紙壘,7,3
423,嗰啲細路下一代呢,朵啲細路下一袋嘞,8,3
424,佢哋都好,隊哋都好,4,1
426,個目標都好清晰,個目錶都好清U,7,2
427,噉讀書都好好好長進啊,抌讀書都好好好獎俊呀,10,4
428,噉樣嘅,抌樣嘅,3,1
429,而家個社會環境世界經濟環境吖改變咗啦,而家個社會還境世界經掣還境吖改變咗喇,18,4
430,喺,还,1,1
431,一般嘅移民,一般嘅移慢,5,1
432,嚟到加拿大都唔係咁好似以前咁清貧,彌到得吔大都唔係咁好似以前咁清U,16,4
433,好多都係,好多都係,4,0
434,都已經好富裕啊,都已經好褲預啊,7,2
435,特別對下一代,特別對下一袋,6,1
436,一,一,1,0
437,應該噉講以前,應該感覺以前,6,2
438,嘅移民嚟到,嘅移民累到,5,1
439,因為有得成功噉就比較富裕喇,因為有得成功噉就比較褲預嚹,13,3
440,噉亦都唔想,抌亦都唔想,5,1
441,去下一代呢好似佢哋噉以前咁辛苦,去下一袋哩好似佢哋噉以前咁辛苦,15,2
442,噉而且呢一個呢一班移民嘅,抌而且利一個利一班移民嘅,12,3
443,嘅父母呢,嘅父冇U,4,2
444,都好多都係,都好多都係,5,0
445,好有智識,好有至色,4,2
446,係係,係係,2,0
447,係一啲職業嘅人啦,係一啲職業嘅人喇,8,1
448,所以,所以,2,0
449,都有好成功噉所以佢哋都好叻,都有好成功噉所以佢哋都好叻,13,0
450,噉就同呢啲仔女嘅,抌就同計利仔U嘅,8,4
451,嘅未來啊好多長大啊,嘅美李啊好多獎大啊,9,3
452,嘅嘅嘅時候呢,嘅時嘅嘅時候U,6,2
453,畀佢哋好周詳嘅安排啊,俾佢哋好周長嘅安牌啊,10,3
454,亦都好,滴都好,3,1
455,好想佢哋成才啊噉,好想佢哋成財啊噉,8,1
456,所以對佢哋特別係,所以對佢哋特別係,8,0
457,係保護性多啲囉,係保護性多啲囉,7,0
458,噉呢啲就係喺土生土長嘅下一代啦,抌利啲就係喺土生土槳嘅下一袋喇,15,5
459,所以因為父母係噉樣同佢哋周詳噉嚟到安排,所以因為父冇係咁樣同佢哋周長噉離到案排,19,5
460,係一個保護性嘅環境長大,係一個保護成嘅環警槳大,11,3
461,噉佢哋,抌佢哋,3,1
462,呢啲嘅比較係倚賴性多啲囉,哎啲嘅比較係椅賴性多啲囖,12,3
463,噉佢哋讀書一般都都冇問題㗎,噉佢哋讀書一搬都都冇問題𡃉,13,2
464,因為佢哋嘅資源啊,因為佢哋嘅支圓啊,8,2
465,好多嘅供應啦,好多嘅工認喇,6,3
466,噉又好有,抌又好有,4,1
467,吓長大嘅時候,下長大嘅時候,6,1
468,嗰個培訓啊培育個啊嗰啲都,嗰個配份阿陪肉個啊嗰啲,12,6
469,係好好優良啊,係好好U涼呀,6,3
470,所以佢哋都有好多嘅優優勝嘅地方,所以佢哋都呀有好多嘅幽休性嘅地方,15,4
471,所以佢哋吓一般都都冇問題,所以佢哋下一般都都冇問題,12,1
472,另外一啲呢就係而家嘅新比較新移民,定外一啲囖就係而家嘅新比較新移民,16,2
473,新嚟嘅移民,新離嘅移慢,5,2
474,佢哋都比較富裕啦好似我正話講,隊哋都比較褲預喇好似我正話講,14,4
475,噉佢哋比較富裕呢對啲細對啲仔女又又比較縱容囉,抌佢哋俾較褲預U對啲細對啲仔裏又又俾較重用囖,22,10
476,噉好多都唔想佢哋辛苦,抌好多都唔想佢哋辛苦,10,1
477,所以,所以,2,0
478,吓搞到好多呢啲,黑較到好多利啲,7,3
479,新一代嘅移民,新一袋嘅移慢,6,2
480,特別唔係喺加拿大出世嘅即係過嚟嘅年青嘅呢啲一代呢,特別唔係喺喇拿大出細嘅姐係過離嘅年清嘅哩啲一袋囖,24,8
481,喺,还,1,1
482,都係比較富裕同埋比較,都係比較褲如同埋比較,10,2
483,係,係,1,0
484,所謂啊,所謂呀,3,1
485,所以就,所以就,3,0
487,唔需要咁辛苦,唔需要咁辛苦,6,0
488,吓噉出去讀書啊嗰啲都冇乜興趣嘅,吓噉出去讀書啊嗰啲都冇乜興趣嘅,15,0
489,吓,吓,1,0
490,噉所以,抌所以,3,1
491,就係,就係,2,0
492,都好大分別㗎同即係我哋以前初,都好大分別𡃉同啫係我哋已前初,14,3
493,移民,移慢,2,1
494,嚟到加拿大嘅時候,理到加拿大嘅時候,8,1
495,最大分別就係教育水準囉,對大分別就係教肉水準囖,11,3
496,我爸爸媽媽嗰一代嘅教育水準比較都係水平好低囉,咬爸巴麥媽嗰一袋嘅較肉水準比較都係水平好低囖,22,7
497,吓佢哋都係多數都係勞工嘅,呀佢哋都係多數都係U公嘅,12,3
498,靠靠,靠靠,2,0
499,噉嘅能力去去維生囉,噉嘅能力去去為生囖,9,2
500,較較勤力,戴教勤力,4,2
501,我哋新呢一代,有地新呢一袋,6,3
502,我哋就係畀有有高等教育,我哋就係俾有有高等教肉,11,2
503,比智識水準比較較高啲囉,俾至識水準比較高啲囉,11,3
504,噉,抌,1,1
505,因為我哋智識水準高啲所以我哋有又本事啲能幹啲,因為我哋至識水準高啲所以我哋又啊又本試啲能個啲,22,5
506,對仔女嘅,對仔裏嘅,4,1
507,教養呢,教養U,3,1
508,又似乎就有多啲所謂嘅方法,又似扶就有多啲所謂嘅方法,12,1
509,好與唔好呢出嚟嘅效果呢,好語唔好囉出梨嘅嚿果哩,11,5
510,又未必一定係好嘅效果嘅,有尾必一定係好嘅校果嘅,11,3
511,吓因為以前我哋見到父母,呀因為以前我哋見到父冇,11,2
512,咁窮啊,咁熊呀,3,2
513,但係又冇乜教育,但係又冇乜教肉,7,1
514,即係智識又低,爹係至識又低,6,2
515,但係見到佢哋做嘢好辛苦呢,但係見到佢哋做嘢好辛苦U,12,1
516,即係佢哋已經畀我哋一個好好嘅,遮係佢哋已經俾我哋一個好好嘅,14,2
517,噉對我哋就,抌對我哋就,5,1
518,就會有好大影響,就會有好大影響,7,0
519,但係今日因為,但係噉日因為,6,1
520,我我哋有咗成功啦,我我哋有咗成功喇,8,1
521,噉,噉,1,0
522,噉然後我哋又又好叻啦,噉然後我哋又又好叻嚹,10,1
523,噉啲仔女見到我哋,抌啲洗裏見倒我哋,8,4
524,一般嘅生活都好舒服,一般嘅生活都好舒服,9,0
525,去旅行啊,去旅行呀,4,1
527,住嘅屋啊,住嘅屋呀,4,1
528,揸架車啊咩都已經係,揸架車呀咩都已經係,9,1
529,即係好好啦噉,遮係好好喇噉,6,2
530,就,就,1,0
531,搞到影響到下一代呢就,搞到影響到下一袋屋就,10,2
532,覺得,覺得,2,0
533,生活係好容易囉,生活係好容易囉,7,0
534,呢啲好多啲物質嘅供應呢好容易得到,呢啲好多啲物U嘅工型嘞好容易得到,16,4
535,所以佢哋就唔會咁珍惜,所以佢哋就唔會咁真色,10,2
536,吓亦都唔識得點樣去自己去爭取囉咩都,汉譯都唔識得點樣去自己去爭取囖咩都,17,3
537,諗住有父母嘅供應,搇住有父冇嘅工形,8,4
539,特別嘅大事,特別嘅大事,5,0
541,就係,就係,2,0
542,我哋喺呢度開始建立我哋嘅家庭啦,我哋喺利度開始見蠟我哋嘅家停喇,15,5
543,如果你講話特別重大嘅事,余嗰理講話特別中大嘅事,11,4
544,好嘅就係,好嘅就係,4,0
545,即係啲仔女出世啦,遮係啲仔水出細啦,8,3
546,呢啲就係大事啦,啲啲就係大事啦,7,1
547,噉跟住啲睇住啲仔女長大噉佢哋讀完書,抌跟住啲睇住啲仔U長大噉佢哋讀完書,17,2
548,吓畢業呢啲都係大事吖,汉筆業利啲都係大事吖,10,3
549,因為我哋,因為我哋,4,0
550,都係自己嚟,都係自己離,5,1
551,呢個嘅地方,哎個嘅地方,5,1
552,所以,所以,2,0
553,爸爸媽媽啊好多都仲係喺香港唔係同我哋一齊,爸巴嫲媽啊好多都重係喺張擋唔係同我哋一齊,20,5
554,所以你話有乜特別大事屋企發生嘅事,所以理話有乜特別大視屋企發生嘅事,16,2
555,都係圍繞住我哋自己呢個屋企囉即係我哋自己建立個呢個屋企噉因為我哋都係,都係圍U住我哋自己利個屋企囖爹係我哋自己見U個利個屋企抌因為我哋都係,34,8
556,由後生嗰時開始建立,有後生嗰時開始見蠟,9,3
557,所以,所以,2,0
558,冇乜特別話,冇乜特別話,5,0
559,有啲咩大事吓我自己吓我哋,有啲咩大時下我自己下我哋,12,3
560,細路仔啊,細路仔呀,4,1
561,我哋嘅,我哋嘅,3,0
562,同太太嘅婚姻啊嗰啲都,同泰太嘅分恩啊嗰啲都,10,3
563,都好好健康好穩固吖,都好好健康好揾顧吖,9,2
564,所以,所以,2,0
566,特別,特別,2,0
567,有咩大事都,有咩大豉都,5,1
568,都冇乜話特別嘅大事吖噉就又冇咩啲,都冇乜話特別嘅大事啊噉就又冇咩啲,16,1
569,有啲,有啲,2,0
570,我哋,我哋,2,0
571,又冇乜話,又冇乜話,4,0
572,大病啊或者特別嘅大意外啊都冇乜嘢吓,大病呀或者特別嘅大意外啊都冇乜嘢啊黑,17,3
573,我自己個家庭唔係我有啲兄弟都喺呢度,到自己個嘉停唔係我有啲兄弟都喺利度,17,4
574,同埋喺加拿大溫哥華,同埋喺喇拿大登多落,9,4
575,有吓特別而家因為仔女大咗呢,有下特別而家因為仔水大咗爹,13,3
576,噉我哋可以比較,噉我哋可以俾較,7,1
577,自由啲,自油啲,3,1
578,我哋放低仔女我哋就可以多啲返去,到哋方低仔U我哋就可以多啲返去,15,3
579,吓探我哋嘅香港嘅,汉探我哋嘅張董嘅,8,3
580,媽媽啊,嫲媽呀,3,2
581,親戚啊,親U啊,3,1
582,自己啲兄弟噉囉,自己啲兄弟噉囖,7,1
583,越嚟越多喇因為,愈梨越多嚹因為,7,3
584,仔女大咗噉,仔裏大咗噉,5,1
585,你知個交通又方便咗啦,理支個交通又方便咗喇,10,3
586,噉,噉,1,0
587,以前就少啲因為細路仔仲細嘅時候就,以前就小啲因為細路仔重細嘅時候就,16,2
588,行唔開,行唔開,3,0
589,又要照顧啲細路仔,豆要照顧啲細路仔,8,1
590,所以就好少,所以就好少,5,0
591,等到而家佢哋大咗呢噉我哋就比較自由啲可以隨時都,等到而家佢哋大咗囖噉我哋就比較自郵啲可以隨時都,23,2
592,都都返去而家最近都起碼一年一次返到返去探佢哋吓,都都返去而家最近都起碼一連一次都U到U去探佢哋下,23,5
593,喺多倫多都,还多敦多都,5,2
595,同香港都冇乜,同張港都冇乜,6,1
596,太大嘅分別吓因為,太大嘅分別下因為,8,1
597,多倫多中國人嘅文化呢都,多輪多中國人嘅文化嘞都,11,2
598,因為而家科技嘅發展啊,因為而家科技嘅發剪啊,10,1
599,兩地嗰個所謂文化距離唔係咁遠囉,兩地嗰個所謂文化佢離唔係咁遠囉,15,1
600,佢哋好多時香港,隊哋好多時張港,7,2
601,發生嘅嘢即係有啲咩流行嘅嘢好快就嚟到呢傳到嚟加拿大多倫多呢度喇,發生嘅嘢啫係有啲咩留恆嘅嘢好快就黎到利U到離喇喇大多輪多利度喇,31,11
602,所以,所以,2,0
603,我都覺得冇乜特別嘅,我都覺得冇乜特別嘅,9,0
604,即係冇乜特別嘅大嘅分別,爹係冇乜特別嘅大嘅分別,11,1
605,爸爸媽媽因為教育水準嘅問嘅原因就,爸巴嫲媽因為教肉水準嘅問嘅U因就,16,4
608,如果講,如果講,3,0
609,正式,正識,2,1
610,寫嘅,寫嘅,2,0
611,或者正式嘅,或者正識嘅,5,1
612,點講啊即係,點講呀啫係,5,2
613,嘅語言嘅能力噉梗係差啲啦佢哋,嘅語言嘅狼力噉梗係差啲喇佢哋,14,2
615,同埋因為社會嘅文化嘅改變啊,同埋因為瀉會嘅文化嘅改變啊,13,1
616,噉時代嘅唔同啊噉,噉時代嘅唔同啊噉,8,0
617,講嘅說話,講嘅說話,4,0
618,當然會有唔同啦即係嗰啲語言多可能有唔同啦,當然會有唔同喇姐係嗰啲雨言多可浪有唔同喇,20,5
620,我覺語言嘅嗰個嘅內容啊個又唔同啦有好多,我覺語然嘅嗰個嘅內容啊個又唔同喇有好多,19,2
621,有好多嗰啲,有好多嗰啲,5,0
622,即係一般會話,遮係一搬會話,6,2
623,用嘅,用嘅,2,0
624,用嘅啊用一啲啊,用嘅啊用一啲啊,7,0
625,都,都,1,0
626,噉因為時代嘅唔同噉文化又好大分別噉係,噉因為時代嘅唔同噉文化又好大分別噉係,18,0
627,就算係同一個語言即係我講我哋講廣東話啦,晝算係同一個雨然姐係我講我哋講U東話喇,19,6
628,都都已經好大分別㗎都有一定吓,都都已經好大分別𡃉都有一定下,14,2
629,都有有嗰啲有啲好大嘅唔同,都有有嗰啲有啲好大嘅唔同,12,0
630,但係一般嚟講都即係唔,但係一搬離講都姐係唔,10,3
631,都,都,1,0
632,對佢哋嚟講都唔係一個問題啦,對佢哋離講都唔係一個問題喇,13,2
633,因為佢哋都係隨住社會嗰個改變,因為佢哋都係除住社會嗰個改變,14,1
634,佢哋都喺度適應噉傳隨着,隊哋都喺度識應噉傳除着,11,3
635,傳媒啊好多製造出嚟嗰啲文化噉佢哋都一一路跟啦噉,荃媒啊好多製做出離嗰啲文化噉佢哋都一一度跟喇噉,23,5
636,喺語言上便兩代嘅溝通,抵語言上便兩袋嘅溝通,10,2
637,大致上都係冇乜問題㗎,大至上都係冇乜問題𡃉,10,2
638,仲有啲因為香港畀傳媒影響好大,仲有啲因為張擋俾荃U影響好大,14,5
639,吓傳媒,刻荃U,3,3
640,電視啊收音機啊電影裏便講好多呢啲,電視呀收音機呀電影裏便講好多哩啲,16,3
641,因為,因為,2,0
643,即係就算佢哋年紀大一啲老一代,遮係就算佢哋年紀大一啲老一袋,14,2
644,佢哋因為成日都有睇電視啊畀電視文化影響噉佢哋都算做跟得幾上㗎,佢哋因為成日都有睇電視呀俾電視文化影響噉佢哋都算道跟得幾相𡃉,30,5
645,所以,所以,2,0
646,有當然會有,有當演會有,5,1
647,即係所謂代,遮係所謂袋,5,2
648,代與代之間嗰個語言嘅一個嘅文化,袋雨袋知間嗰個語言嘅一個嘅文化,15,4
649,當然有唔同,當然有唔同,5,0
650,但係一般嚟講,但係一搬離講,6,2
651,都冇乜特別嘅,都冇乜特別嘅,6,0
652,溝通上面有困難,溝通相面有困難,7,1
653,係有啲,第有啲,3,1
654,有啲會有,有啲會有,4,0
655,但係嗰啲係又吓有啲特別嘅特別嘅呢都會有嘅因為有啲,但係嗰啲係又刻有啲特別嘅特別嘅囖都會有嘅因為有啲,24,2
656,有一有一啲比較所謂出位啲嘅青年人啊,有一有一啲比較所謂出位啲嘅青年人啊,17,0
657,喜歡特登,起歡特燈,4,2
658,專專登呢係講一啲,磚專燈囉係講一啲,8,3
659,係佢哋,係佢哋,3,0
660,之間先至明白嗰啲嗰啲嗰啲,支間先U明白嗰啲嗰啲嗰啲,12,2
661,嗰啲言語呢,嗰啲然雨喎,5,3
662,噉可能係,噉可浪係,4,1
663,係有啲唔同啊但係基本上呢個都唔係一個普遍嘅象徵囉,係有啲唔同啊但係基本上利個都唔係一個普遍嘅象精囖,24,3
664,當然有因為我哋唔係喺呢度土生土長,當然有因為我哋唔係喺利度桃生土槳,16,3
665,吓噉我哋語言嘅能力,呀噉我哋語言嘅狼力,9,2
666,始終因為已經長大咗之後先至嚟到呢度呢,始終因為已經長大咗之後先至離到利度囖,18,3
667,始終嗰個語言嘅能力係,始終嗰個語言嘅狼力係,10,1
668,係有限嘅有限制嘅,係有限嘅有限掣嘅,8,1
669,發音啊同埋有時,U音呀同埋有時,7,2
670,思想即係頭腦上便所表想表達嘅,師相遮係頭老上便咗表想表達嘅,14,5
671,係有時係唔唔詞不達意啊即係用唔到適當嘅,係有時係唔唔遲筆達意啫係用唔到好識當嘅,19,6
672,即係嗰個講嘢個方式嚟到去表達有時會,遮係嗰個講嘢個方色離到去表達有時會,17,3
673,因為嗰個,因為嗰個,4,0
674,喺我哋嗰個思想頭腦上便我哋已經係畀我哋長大嘅中文嗰個環境係啊,喺我哋嗰個師想頭老上邊我哋已經係俾我哋長大嘅中文嗰個環警械啊,30,6
675,固定咗,固定咗,3,0
676,有時嗰個,有時嗰個,4,0
677,思想上便,詩相上便,4,2
678,嗰個反應啊同埋嗰個表達係會,嗰個反應呀同埋嗰個表達係會,13,1
679,係比較用英文係比較難嘅有時即係唔係一個咁自然嘅,係比較用英文係比較難嘅有時啫係唔係一個咁自然嘅,23,1
680,自然嘅,自然嘅,3,0
681,嘅一個嘅表達嘅能力囉,嘅一個嘅表達嘅狼力囖,10,2
682,噉同我哋而家啲,抌同我哋而家啲,7,1
683,仔女呢一代呢個佢哋喺呢度長大,仔裏呢一袋利個佢哋喺利度長大,14,4
684,噉佢哋嘅,噉佢哋嘅,4,0
685,可以話佢哋嘅第一語語言係英文啦,可以話佢哋嘅第一耳語言係英文喇,15,2
686,噉當然噉就大家彼此係有個有個距離,抌當然噉就大家俾次係有個有個佢離,16,4
687,就算同佢哋溝通呢,就算同佢哋溝通囖,8,1
688,我哋都要用英文嚟到溝通吖嘛,我哋都要用英文離到扣通吖嗎,13,3
689,所以,所以,2,0
690,吓基本上如果講,嗱基本上如嗰講,7,2
691,即係英文嘅,遮係英文嘅,5,1
692,嗰個,嗰個,2,0
693,認識嗰個嘅程度呢或者我哋了解個程度呢係冇問題,認識嗰個嘅情度啊或者我哋了解個情度囖係冇問題,22,4
694,但係主要係表達,但係主要係表達,7,0
695,同埋嗰個反應,同埋嗰個反應,6,0
696,方面嗰個嘅能力係始終有有,方面嗰個嘅狼力係始終有有,12,1
697,有有限制,有有限掣,4,1
698,就冇咁冇同喺呢度長大,豆冇噉冇同喺利度長大,10,3
699,嗰啲嗰個語言嘅能力咁,嗰啲嗰個語言嘅狼力咁,10,1
700,係嚟得咁自然,係黎得咁自然,6,1
701,始終我哋冇,次中我哋冇,5,2
702,冇呢一種,冇利一種,4,1
703,吓去唔到呢個噉嘅程度吓,嗱去唔到利個噉嘅情度刻,11,4
704,你可唔可以再講多次啊,你可唔可以再講多次呀,10,1
705,會有因為,會有因為,4,0
706,我哋喺香港長大嗰個環境嘅特別吖嘛,倒哋喺張董長大嗰個環境嘅特別吖嗎,16,4
707,因為我哋喺香港長大環境嘅時候我哋讀書係,因為我哋喺張董長大環境嘅時候我哋讀書係,19,2
708,係話即係講就話要用英文吓但係,係話遮係講就話要用英文刻但係,14,2
709,一般嚟講因為都係,一搬離講因為都係,8,2
710,中國人嘅社會,終角人嘅社會,6,2
711,所以我哋講嘅,所以我哋講嘅,6,0
712,除咗喺即係上堂嘅時候,除咗喺遮係上堂嘅時候,10,1
713,係同老師,係同老師,4,0
714,嗰個嘅嗰個交通對話就要用英文,嗰個嘅嗰個教通對話就要用英文,14,1
716,同學之間都好少用英文嚟到去溝通,冬學支間都好小用英文離到去扣通,15,5
717,都係用返中文,都係用返中文,6,0
718,但係我哋又有又因為讀書啊同埋出嚟做事喺香港嗰個社會就係,但係我哋又有又因為讀書啊同埋出離做時喺UU嗰個社會就係,27,4
719,始終都係要用英英文先至,似終都係要用英英文先至,11,1
720,係出嚟做嘢比較,係出離做嘢比較,7,1
721,方便啲因為出嚟做嘢都有外國嘅人,方便啲因為出離做嘢都有愛角嘅人,15,3
722,所以我哋到係兩溝嘅,所以我哋到係兩溝𡃉,9,1
723,所以有時講嘅說話係當然係會有,所以有時講嘅說話係當然係會有,14,0
724,混合咗即係就算我哋講,運蔔咗啫係就算我哋講,10,3
725,中文都混合咗啲英文喺當中囉,中文都運U咗啲英文喺噹中囖,13,4
726,吓,嗱,1,1
727,如果講中國人就,如果講中角人就,7,1
728,一啲啲啦都都差唔多啦吓,一啲啲喇都都差唔多喇汗,11,3
729,因為而家中國人多呢,因為而家中角人多嘞,9,2
730,特別,特別,2,0
731,因為人數多咗,因為人掃多咗,6,1
732,佢哋,佢哋,2,0
733,即係我哋啦即係唔需要,遮係我哋喇姐係唔需要,10,3
734,有時真係唔需要一定要用英文先至可以出去做到事,有時真係唔需要一定要用英文先至可以出去做到事,22,0
735,吓,嗱,1,1
736,出出去買嘢啊,啄出去買嘢呀,6,2
737,或者出去好多其他地方呢可以用中文就得啦嘛所以就,或者出去好多其他地方嘞可以用中文就得吖嗎所以就,23,3
739,變咗就唔一定要都唔一定強逼到自己一定用英文,變咗就唔一定要都唔一定強碧度自己一定用英文,21,2
740,好多呢啲嘅所謂移民嘅,倒多哩啲嘅所謂移民嘅,10,2
741,都,都,1,0
742,都都係同一同一樣啦即係兩種嘅語言都係同樣,都都係同一同一樣喇姐係兩種嘅語言都係同樣,20,2
743,混合埋一齊囉,運合埋一齊囉,6,1
747,大致上都都得,大至上都都得,6,1
748,因為,因為,2,0
750,香港啊同中國大陸,張董啊同中角大陸,8,3
752,因為中國大陸多數都係講國語或者普通話,因為終角大陸多數都係講角雨或者普通話,18,4
753,除咗喺南方即係廣東嗰啲嚟呢,除咗喺藍方啫係廣東嗰啲離U,13,4
754,有時都分分唔到嘅,有時都分分唔倒嘅,8,1
755,但係其他地方你話譬如,但係其他地方理話譬如,10,1
756,聽佢哋,聽佢哋,3,0
757,講中中文講英文噉啦,講中中文講英文噉喇,9,1
758,都有時都,都有時都,4,0
759,分別到佢哋喺啊邊度嚟㗎,分別倒佢哋喺阿邊度離𡃉,11,4
760,口音啊同埋佢哋嘅,豆音呀同埋佢哋嘅,8,2
761,即係佢哋嘅發音啊,遮係佢哋嘅發音啊,8,1
762,同埋佢哋嘅,同埋佢哋嘅,5,0
764,我諗多數都係口音啦或者見到佢哋嗰個嘅,我飲多數刀係口音喇或者見到佢哋嗰個嘅,18,3
765,即係其他或者,遮係其他話誒,6,3
766,喺嗰個嘅嘅即係喺個嗰度,係嗰個嘅嘅啫係喺個嗰度,11,2
767,都感,都噉,2,1
768,都可以感覺到佢哋,都可以感覺到佢哋,8,0
769,嗰個喺邊度嚟嘅有時都,嗰個喺邊度離嘅有時都,10,1
770,都得嘅吓,都得嘅看,4,1
771,香港嚟嘅就好容易,香董離嘅就好容易,8,2
772,好容易,好容易,3,0
773,認到啊到啊,認倒呀倒呀,5,4
774,因為嗰個文化,因為嗰個文化,6,0
775,吓講嘅嘢啊,下講嘅嘢啊,5,1
776,嗰個嘅語氣啊用嘅詞語啊,嗰個嘅雨氣啊容嘅U雨啊,11,4
777,就香香港嘅我哋好容易,就張UU嘅我哋好容易,10,3
778,即係,遮係,2,1
779,到吓,倒刻,2,2
780,第啲中國人吖抑或係本地,第啲中國人吖爺壞本地,11,3
781,如果係本地嘅就佢哋唔知嘅好難嘅,如果係本地嘅就佢哋唔知嘅好U嘅,15,1
782,吓,呀,1,1
784,中國人,中國人,3,0
785,大家中國人呢佢哋都會,大家中國人哩佢哋都會,10,1
786,可能都會分到嘅,可浪都會分倒嘅,7,2
787,吓因為佢佢即係,呀因為佢佢啫係,7,2
788,即係我哋講嘅,遮係我哋講嘅,6,1
789,譬如你話如果中國大陸嚟嘅,譬如離話如過中國大陸離嘅,12,3
790,佢哋同我哋講嘢,佢哋同我哋講嘢,7,0
791,如果講英文,如果講英文,5,0
792,佢哋都可以分,佢哋都可以分,6,0
793,都聽到有分別,都聽倒有分別,6,1
794,如果講中文呢噉就梗係分別啦我哋講廣東話吓,如果講中文囉噉啊梗係分別喇我哋講廣東話下,20,4
795,都,都,1,0
796,都分到㗎應該一般嚟講吓,都分倒架應該一搬離講嗱,11,5
797,英文,英文,2,0
798,最好嘅英文,對好嘅英文,5,1
800,喺咩意思最點為之最好啊最,係咩意思最點圍知最好啊最,12,3
802,喺加拿大呢個多元文化嘅,喺啦吔大利個多完文化嘅,11,4
803,嘅嘅,嘅嘅,2,0
804,影響底下冇乜特別㗎喇,影響底下冇乜特別𡃉嚹,10,2
805,因為好多人都話,因為好多人都話,7,0
806,點為之最好嘅英文你睇下我哋嘅,點圍知最好嘅英文李睇下我哋嘅,14,3
807,佢哋講英文都唔係最好嘅英文吓所以,隊哋講英文都唔係最好嘅英文刻所以,16,2
808,而且加拿大因為多元文化好多唔同嘅國家嚟嘅人,耳扯啦嗱大因為多U民化好多唔同嘅國家來嘅人,21,7
809,都帶有唔同嘅口音囉,都大有唔同嘅口音囖,9,2
810,噉大家都彼此好接納好接受,抌大家都俾始好接蠟好接受,12,4
811,所以冇一個特別話特別正正統嘅英文嘅,所以冇一個特別話特別正政桶嘅英文嘅,17,2
812,就算即係出嚟做事呢,就算啫係出離做事囉,9,3
813,有啲本地嘅人佢哋都,有啲本地嘅人佢哋都,9,0
814,好收得落即係好接受到我哋,好受一落者係好接受到我哋,12,3
815,講嘅英文嘅其實,講嘅英文嘅其實,7,0
816,我哋好多時有時我哋我自己噉喇,我哋好多時有時我哋我自己感嚹,14,2
817,我以為我自己嘅英文唔係咁好呢,我以為我自己嘅英文唔係咁好囖,14,1
818,但係喺佢哋嚟講佢哋覺得我哋英即係我嘅英文已經係好好㗎,但係喺佢哋離講佢哋覺得我哋英啫係我嘅英文已經係好好𡃉,26,3
819,吓,嗱,1,1
820,噉我有時我都覺得好奇怪吓,抌我有時我都覺得好奇盔吓,12,2
821,我以為自己講得好差,到以為自己講得好差,9,1
822,但係原來佢哋話唔係啊講得好好㗎覺得我哋,但係原袋佢哋話唔係啊講得好好𡃉覺得我哋,19,2
823,吓所以,汉所以,3,1
824,返返嚟你個問題我覺得,返返來理個問題我覺得,10,2
825,特別喺因為加拿大呢個社會裏便就冇乜特別,特別喺因為楂拿大呢個社會裏便就冇乜特別,19,1
826,又有邊一,又有邊一,4,0
827,種英文先至為之標準嘅,種英文先至喂之標準嘅,10,1
828,我自己覺得吓,到自己覺得U,6,2
829,最容易明白英文,對容易明白英文,7,1
830,都,都,1,0
831,冇話,冇話,2,0
833,都冇乜特別我發覺,都冇乜特別我發角,8,1
834,冇乜話邊樣,冇乜話邊樣,5,0
835,最難即係,最蘭姐係,4,2
836,我睇唔到有咩分別囉,我睇唔倒有咩分別囉,9,1
837,你話如果喺美國下便因為美國南部啊嗰啲人講英文係,哋話如果喺哋咯下便因為哋咯嵐補啊嗰啲人講英文係,23,7
838,有唔同嘅口音啊,有唔同嘅口音啊,7,0
839,唔同第或者同第二個部分有唔同口音但係加拿大,唔同第或者同第二個部份有唔同口音但係喇拿大,21,2
840,除咗嗰啲,除咗嗰啲,4,0
841,法國人即係法裔講英文係有唔口音,發角人啫係發對講英文係有唔口音,15,5
842,都冇乜,都冇乜,3,0
843,即係我覺得都冇乜話特別,遮係我覺得都冇乜話特別,11,1
844,一個特別好嘅英文啦吓,一個特別好嘅英文喇U,10,2
846,禮貌上可能好少㗎我哋好少遇到噉嘅問題囉就算有時佢,禮貌上可浪好少𡃉我哋好小語到噉嘅問題囖就算有時,24,6
847,我哋,我哋,2,0
848,講嘅時候,講嘅時候,4,0
849,即係所謂即係咗都好啦,隻所謂遮係咗都好喇,10,4
850,佢哋唔會話改正我哋,佢哋唔會話改證我哋,9,1
851,佢只不過幫我哋接埋落去噉樣,佢指筆個幫我哋接埋落去噉樣,13,3
852,即係當我哋嘅時候,爹係當我哋嘅時候,8,1
853,佢就幫我哋個噉會有,佢就幫我哋個噉會有,9,0
854,但係就唔會話改改我哋講錯咗改我哋噉囉,但係就唔會話改改我哋講錯咗改我哋噉囖,18,1
855,以前多啲嘅,以前多啲嘅,5,0
856,或者以前我哋英文又唔係咁好啦即係啱啱嚟,或者以前我哋英文又唔係咁好嚹啫係啱啱離,19,3
857,噉有時係唔識,抌有時係唔識,6,1
858,吓特別有啲加拿大我諗起喇,汉特別有啲喇嗱大我林起喇,12,4
859,加拿大我諗最大嘅問題就係好多時有啲法,楂但大我林最大嘅問題就係好多時有啲發,18,4
860,有啲法文喺度啊,有啲發文喺度啊,7,1
861,吓好似我間中學叫做,呀好次我間中學叫做,9,2
862,噉係法文嘅發音噉但係你睇落去嘅英文就,抌係發文嘅發音噉但係離睇落去嘅英文就,18,3
863,噉我哋有時我哋因為唔知初嚟,噉我哋有時我哋因為唔知初離,13,1
864,噉我哋就讀,噉我哋就讀,5,0
865,讀嗰啲讀英文噉喇噉,讀嗰啲讀英文噉嚹噉,9,1
866,噉佢哋就唔知我哋講乜㗎喇,噉佢哋就唔知我哋講乜𡃉嚹,12,2
867,噉呢個係一個困難囉可能喺加拿大嚟講就有啲係其實係,抌利個係一個困難囖可浪喺喇嚹大來講謝有啲係幾手係,24,10
868,要用法文嗰個嘅,要用發文嗰個嘅,7,1
869,嗰個拼音讀噉我諗呢個係,嗰個拼音讀噉我林利個係,11,2
870,吓加拿大特別獨特啲嘅問題囉可能,嗱加吔大特別讀特啲嘅問題囖可浪,15,5
Total CER: 1455/7046=0.21,,,,
