NUM,EXPECTED,CXM20B_qwerty,# characters,edit distance
4,我叫,我叫,2,0
8,一九九七年出世嘅,一九九七年出細嘅,8,1
10,係係啦,係係喇,3,1
11,差差唔多二十一,叉叉唔多二十一,7,2
14,我喺香港出世嘅,我喺香港出細嘅,7,1
16,屋企有嗲哋媽咪同埋細佬,屋企有爹爹媽咪同埋細佬,11,2
18,我出世嘅時候第一撻住嘅地方喺旺角,我出細嘅時候第一達住嘅地方喺旺角,16,2
19,太平道,太平度,3,1
21,係嚟嘅但係我已經唔係好記得因為,係離嘅但係我已經唔係好記得因為,15,1
22,我住咗冇耐之後就轉咗去又一城附近住,我住咗冇耐之後就轉咗去又一成附近住,17,1
24,係呀又一居,係呀又一居,5,0
26,有少少印象囉,有少少印象囉,6,0
27,因為我都係住咗幾年跟住,因為我都係住咗幾年跟住,11,0
28,小一就再搬囉,小一就再搬囉,6,0
30,去奧運站附近,去奧運站附近,6,0
32,嗯係啦,嗯係喇,3,1
35,我個感覺係,我個噉覺係,5,1
36,其實冇乜冇乜特別我覺得,其實冇乜冇乜特別我覺得,11,0
37,啫係佢係有奧運站係有算新嘅,遮係佢係有奧運站係有算身嘅,13,2
38,但係都有幾個屋村咁樣,但係都有幾個屋穿噉樣,10,2
39,咁有個商場係係喺中間咁樣啦,噉有個商場係係喺中間噉樣喇,13,3
40,咁我成日覺得佢有少少係自成一角囉,噉我成日覺得佢有少少係自成一角囖,16,2
41,因為佢比條公路擋住咗嘅,因為佢俾條公路擋住咗嘅,11,1
42,咁即係如果你去旺角或者去大角咀附近呢你就要再行過天橋咁樣囉,噉即係如果你去旺角或者去大角咀附近呢你就要再行過天橋噉樣囖,29,3
43,所以我覺得佢自己喺個角落頭度囉,所以我覺得佢自己喺個角落唞度囖,15,2
45,以前唔覺嘅但係我而家覺得可能啫係起多好多新樓所以越嚟越多人囉,以前唔覺嘅但係我而家覺得可能啫係起多好多新樓所以越梨越多人囖,30,2
47,其實算方便嘅,其實算方邊嘅,6,1
48,因為有地鐵站啦,因為有地鐵站喇,7,1
49,但係因為佢比較喺市區嘅偏遠嘅一個角度呢,但係因為佢比較喺市區嘅拼遠嘅一個角度呢,19,1
50,所以其實好多小巴巴士都唔到囉,所以其實可多小巴巴士都唔到囖,14,2
52,係主要係地鐵,係主要係地鐵,6,0
55,趣事都有嘅,翠士都有嘅,5,2
56,因為以前啲幼稚園同學就會嚟玩啦,因為以前啲幼U園同學就會離玩啦,15,2
57,咁有一個幼稚園同學就住我隔離嗰座嘅咁,噉有一個幼U園同學就住我隔離嗰座嘅噉,18,3
58,以前放學嘅時候就會啫係都會落去公園玩我地,以前放學嘅時候就會啫係都會落去公園玩我哋,20,1
59,我地屋苑有個會所有個公園嘅,我哋屋院有個會所有個公園嘅,13,2
61,有呀好多,有呀好多,4,0
62,啫係我自己就都有幾次嘅但係,遮係我自己就都有幾次嘅但係,13,1
63,就因為比較細規模所以唔係好記得啦,就因為比較細規模所以唔係好記得喇,16,1
64,但係我細佬呢就以前喺公園玩呢,但係我細佬呢就以前喺公園玩呢,14,0
65,就整傷過隻牙啦,就整傷過隻牙啦,7,0
66,啫係整到塊面所以隻牙好似唔知甩咗定點樣咁樣,遮係整到塊面所以隻牙好似唔知甩咗定點樣咁樣,21,1
68,佢係啦佢撞係啦咁就要即刻要去睇牙醫啦,佢係喇佢撞係喇噉就要即刻要去睇牙醫喇,18,4
69,咁之前又又整過塊面又整過啫係佢,噉知前又又整過塊面又整過啫係佢,15,2
70,跌倒咗好多次咁樣,跌倒咗好多次咁樣,8,0
71,所以佢佢啲意外就比較深刻啲囉,所以佢佢啲意外就比較深黑啲囖,14,2
72,但係我都有嘅但係我可能個冇咁冇咁誇張囉,但係我都有嘅但係我可能個冇咁冇咁誇張囉,19,0
73,輕微啲嘅意外囉,興微啲嘅意外囉,7,1
74,係咪呀,係咪啊,3,1
75,真係慘呀,真係慘啊,4,1
77,我嗰層都有我諗八户定十户啦,我嗰層都有我諗八護定十護喇,13,3
78,但係其實我淨係知道有兩家人嘅存在囉,但係其實我淨係知度有兩加人嘅全在囖,17,4
79,啫係我淨係見過佢地我知道佢地姓乜野,遮係我淨係見過佢哋我知度佢哋性乜嘢,17,6
80,屋企有啲咩人但係其實就真係唔係好熟囉,屋企有啲咩人但係其實就真係唔係好熟囖,18,1
81,係啦經過會咁樣囉嗯,係啦經過會咁樣囉,9,1
84,應該會打俾屋企人先嘅,應該會打俾屋企人先嘅,10,0
85,咁如果係啲屋企有意外呀或者係屋企需要人幫嘅時候呢,噉如果係啲屋企有意外啊或者係屋企需要人幫嘅時候呢,24,2
86,咁其實屋企附近可能唔係直接鄰居啫係唔係住隔離屋啦,噉其實屋企附近可能唔係直接倫居啫係唔係住隔離屋喇,24,3
87,但係喺隔離座呀或者係再遠啲嗰啲屋邨呢其實有啲相熟啲嘅朋友嘅,但係喺隔離座啊或者係再遠啲嗰啲屋穿呢其實有啲箱熟啲嘅朋友嘅,29,3
88,咁好似頭先講幼稚園朋友個屋企人咁樣啦,噉好似頭先講幼自院朋有個屋企人噉樣喇,18,6
89,啫係有事嘅時候可能會搵咗屋企人先,遮係有事嘅時候可能會揾咗屋企人先,16,2
90,但係都唔得嘅時候就會搵呢啲朋友囉,但係都唔得嘅時候就會揾呢啲朋友囖,16,2
93,應該唔算好親密囉,應該唔算好親密囖,8,1
94,因為我知道有其他人可能係同朋啫係同鄰居係熟到係邀請埋佢地返屋企呀,因為我知度有其他人可能係同朋啫係同倫居係屬到係腰請埋佢哋返屋企啊,32,6
95,或者一齊食飯呀定定有過時過節嘅時候一齊食,或者一齊食飯呀定定有過時過節嘅時候一齊食,20,0
96,啫係有啲我識到有朋友係個鄰居嘅關係係真係咁,遮係有啲我識到有朋友係個倫居嘅關係係真係噉,21,3
97,但係我覺得我自己嘅鄰居關係可能唔係去到咁親密住囉,但係我覺得我自己嘅輪居關係可能唔係去到咁親密住囉,24,1
98,嗯,嗯,1,0
101,應該係有嘅但係,應該係有嘅但係,7,0
102,就真係係啦玩完就唔記得咗,就真係係喇玩完就唔記得咗,12,1
103,係啦唔記得咗,係喇唔記得咗,6,1
107,我諗最深啫係細個時候最深刻就係,我諗最心遮係細個時候最心黑就係,15,4
108,通常係暑假嘅時候,通常係暑假嘅時候,8,0
109,因為我有親戚係住加拿大同埋美國,因為我有親U係住加拿大同埋美國,15,1
110,咁就暑假嘅時候其實每一年都會去探親友咁樣啦,噉就暑假嘅時候其實每一年都會去探親有噉樣喇,21,4
111,咁就係嗰段時間會最特別囉,噉就係嗰段時間會最特別囖,12,2
112,因為平時一年永遠都係返學,因為平時一年永遠都係返學,12,0
113,所以可能冇乜咁特別,所以可能冇乜咁特別,9,0
115,嗯係啦係啦,嗯係喇係喇,5,2
117,每年暑假都會過去係啦,每年暑假都會過去係嚹,10,1
119,係啦係起碼同香港嘅生活係唔同啲囉,係喇係起碼同香港嘅生活係唔同啲囖,16,2
121,鐘意呀,鍾意啊,3,2
123,佢如果去加拿大嘅時候就係去溫哥華,佢如果去加拿大嘅時候就係去U哥華,16,1
124,如果去美國嘅時候就去三藩市,如果去美國嘅時候就去三煩市,13,1
126,其實我諗我兩個地方都好鐘意嘅,其實我諗我兩個地方都好鍾意嘅,14,1
127,一定鐘意過香港某程度上,一定鍾意過香港某情度上,11,2
128,但係我諗因為我去溫哥華嘅次數係比較多嘅,但係我諗因為我去溫哥華嘅次數係比較多嘅,19,0
129,同埋同嗰邊嘅親戚可能係再熟啲咁樣啦,同埋同嗰邊嘅親U可能係再熟啲噉樣喇,17,3
130,成日見嘅咁可能對溫哥華嘅感覺係好啲囉,成日見嘅噉可能對U哥華嘅感覺係好啲囖,18,3
131,野食呀我諗,嘢食呀我諗,5,1
132,我諗去到嗰邊其實因為可能唐人或者華人比較多啦,我諗去到嗰邊其實因為可能堂人或者華人比較多喇,22,2
133,所以都都幾大機會係食返啲香港有嘅野,所以都都幾大機會係食返啲香港有嘅嘢,17,1
134,例如飲茶咁樣囉,例如飲茶噉樣囖,7,2
135,但係譬如去到美國有一個地方叫嘅,但係譬如去到美國有一個地方叫嘅,15,0
136,咁就會有嗰啲呀,噉就會有嗰啲啊,7,2
137,啫係嗰啲海鮮嗰啲嗰啲野食囉,遮係嗰啲海先嗰啲嗰啲嘢食囉,13,3
138,咁以前去過啫係以前去嘅時候就一定會食囉,噉以前去過啫係以前去嘅時候就一定會食囖,19,2
140,係啦係啦嗯,係喇係喇嗯,5,2
141,我諗其實樣樣野都鐘意食嘅,我諗其實樣樣嘢都鍾意食嘅,12,2
142,但係我覺得,但係我覺得,5,0
143,長遠嚟講我都會㨂返中餐因為覺得佢好似,長遠離講我都會揀返中餐因為覺得佢好似,18,2
144,比較呀,俾較呀,3,1
145,啫係佢,遮係佢,3,1
146,係啦係啦有家嘅感覺囉,係喇係喇有加嘅感覺囖,10,4
147,同埋佢啫係有多啲款式嘅菜囉,同埋佢啫係有多啲款色嘅菜囉,13,1
148,就唔係一定係哦炸呀定係煎呀咁樣囉,就唔係一定係哦咋啊定係煎啊噉樣囖,16,5
150,嗯都會掛住中餐係啦嗯,嗯都會掛住中餐係嚹嗯,10,1
152,旅行就,旅行就,3,0
153,都有嘅譬如喺喺亞洲去過,都有嘅譬如喺喺啊洲去過,11,1
154,韓國同埋日本,韓國同埋日本,6,0
155,咁樣啦咁,咁樣喇噉,4,2
156,就喺歐洲度就,就喺歐洲度就,6,0
157,中學同埋大學嘅時候都有機會去到幾個國家例如法國同埋英國咁樣囉,終學同埋大學嘅時候都有機會去到幾個國家例如法國同埋英國噉樣囖,30,3
159,某啲係跟學校遊學團嘅,某啲係跟學校遊學團嘅,10,0
160,啫係譬如中四嘅時候就去咗荷蘭同埋法國玩,遮係譬如中四嘅時候就去咗河欄同埋法國玩,19,3
161,咁大學嘅時候就去法國嘅係啦,噉大學嘅時候就去法國嘅係嚹,13,2
162,我諗難忘嘅野就係,我諗難忘嘅嘢就係,8,1
163,因為學校嗰個團呢其實就有嗰啲,因為學校嗰個團呢其實就有嗰啲,14,0
164,津貼嘅啫係食飯津貼嘅,樽貼嘅啫係食飯樽貼嘅,10,2
165,啫係每次食飯可能會派我諗十歐咁樣啦,遮係每次食飯可能會派我諗十歐噉樣喇,17,3
166,咁我記得我好似係有賺錢返到嚟嘅,噉我記得我可似係有賺錢返到離嘅,15,3
168,係啦啫係我冇食哂但係啲錢我袋住咗咁樣,係喇遮係我冇食晒但係啲錢我袋住咗咁樣,18,3
169,所以某程度上我記得係,所以某程度上我記得係,10,0
170,啫係如果係淨係計嗰啲野食嘅時候我係有賺到錢囉,遮係如果係靜係計嗰啲嘢食嘅時候我係有賺到錢囖,22,4
171,係啦係啦,係喇係喇,4,2
172,所以就賺咗錢返嚟嗯,所以就賺咗錢返來嗯,9,1
173,我諗如果要講呢樣野可能講返中三,我諗如果要講呢樣嘢可能講返鐘衫,15,3
174,跟學校去嘅,跟學校去嘅,5,0
175,咁去嘅時候呢就當然有嗰啲觀光嗰啲活動啦,噉去嘅時候呢就當然有嗰啲觀光嗰啲活動喇,19,2
176,但係其實一去到嘅時候呢最難忘就係,但係其實一去到嘅時候呢最難忘就係,16,0
177,我地去咗一個比較遠嘅一個咁樣啦,我哋去咗一個俾較遠嘅一個噉樣喇,15,4
178,咁就每一個學生都會被人分到去一啲咁樣嘅,噉就每一個學生都會俾恩分到去一啲噉樣嘅,19,4
179,咁我就喺一個屋企度住咗我諗大概四五日到啦,噉我就喺一個屋企度住咗我諗大概四五日到喇,20,2
180,咁嗰段時間係幾難忘,噉嗰段時間係幾難忘,9,1
181,因為你自己去嘅時候你冇冇機會會去到人地屋企度住囉,因為你自己去嘅時候你冇冇機會會去到人哋屋企度住囖,24,2
182,都幾好嘅但佢比較特別就係一個,都幾好嘅彈佢俾較特別就係一個,14,2
183,我諗都中年嘅女人加咗一個,我諗都鍾年嘅女人家咗一個,12,2
184,留學嘅一個男仔,流學嘅一個男仔,7,1
185,咁兩個人住㗎啫,噉兩個因住𡃉啫,7,3
187,係啦係啦佢本身已經緊一個但就長期啲囉,係喇係喇佢搬新已經𡁵一個彈就長其啲囖,18,8
188,啫係佢係可能住嗰度幾年咁樣,遮係佢係可能住嗰度幾年噉樣,13,2
189,咁我地就淨係住四五日咁樣囉,噉我哋就淨係住四五日噉樣囖,13,4
191,佢好似冇乜特別煮野食,佢好似冇乜特別煮嘢食,10,1
192,或者可能冇冇乜,或者可能冇冇乜,7,0
193,太可能特別嘅野食呀,太可能特別嘅嘢食啊,9,2
194,但係佢有去買啲嗰度當地嗰啲,但係佢有去買啲嗰度當地嗰啲,13,0
195,其實都係但係有自己嘅醬囉,其實都係但係有自己嘅障囖,12,2
196,係啦特所謂特別啲嘅一啲野食囉,係喇特所謂特別啲嘅一啲嘢食囖,14,3
197,個心情,個心情,3,0
198,當然一半係極度興奮啦,當然一半係極度興奮喇,10,1
199,因為首先可以離開香港去第二個地方體驗啦,因為首先可以離開香港去第二個地方體驗喇,19,1
200,但同時間呢我亦都,彈同時間呢我亦都,8,1
201,非常非常之緊張啦因為,非常非常之緊張啦因為,10,0
202,可能可能近排對,可能可能近排對,7,0
203,啫係歐洲呀或者法國呢啲國家嘅安全可能係真係有啲顧慮囉,遮係歐洲啊或者法國呢啲國家嘅安全河能係真係有啲故類囖,26,6
204,咁去之前都會擔心可能人生安全呀,噉去之前都會擔心可能人生安全啊,15,2
205,去到會唔會係融入唔到呀,去到會唔會係溶入唔到呀,11,1
206,或者係有啲咩要注意呀,或者係有啲咩要蛀意啊,10,2
207,咁特別係我去嘅地方呢就唔係巴黎嘅,噉特別係我去嘅地方呢就唔係巴來嘅,16,2
208,咁佢就係喺法國嘅北邊啦,噉佢就係喺法國嘅北變喇,11,3
209,咁就係一個更加多所謂嗰啲難民居住嘅地方啦個地區啦,噉就係一個更加多所謂嗰啲難文居住嘅地方喇個地區喇,24,4
210,所以啫係人地所周邊嘅人同我講嘅時候都係叫我要注意安全呀,所以遮係人哋所周邊嘅人同我講嘅時候都係叫我要蛀意安全啊,27,4
211,特別要留意到嗰啲情況呀,特別要留意到嗰啲清況啊,11,2
212,咁其實去之前都係啫係令到我非常緊張囉,噉其實去之前都係遮係令到我飛常𡁵張囖,18,5
214,一一去到,一一去到,4,0
216,我諗去到嘅時去到嘅時候其實都仲係好緊張囉因為,我諗去到嘅時去到嘅時候其實都重係好𡁵張囖因為,22,3
217,去到嘅時候我仲要係搭,去到嘅時候我仲要係搭,10,0
218,啫係巴黎降落之後呢我仲要搭火車去個城市度嘅,遮係巴嚟降落之後呢我仲要搭火車去個成市度嘅,21,3
219,咁之後再要有一架學校安排嘅一架的士呢,噉之後再要有一架學後安排嘅一架的士呢,18,2
220,再送我去學校嘅,再送我去學後嘅,7,1
222,係啦係啦,係喇係喇,4,2
223,但係即嗰啲可能語言上有可能有障礙呀,但係即嗰啲可能語然上有可能有障礙啊,17,2
224,或者係啫係我嗰陣時係真係我搵唔倒架的士嘅,或者係遮係我嗰陣時係真係我揾唔到𡃉的是嘅,20,5
225,咁去到嘅時候仲未放鬆倒囉我仲要搭火車啦,噉去到嘅時候重未放鬆度囖我仲要搭火車喇,19,5
226,跟住再要去搵的士啦,跟住再要去搵的士啦,9,0
227,咁搭完的士之後仲要搵學校啦,噉答完的是之後重要揾學後喇,13,7
228,啫係仲有好多野要要去顧慮住囉,遮係仲有好多嘢要要去顧慮住囉,14,2
229,所以就可能去到其實冇一個時候係可以完全放鬆啦,所以就可能去到其實冇一個時候係可以完全放鬆喇,22,1
230,去去抖下氣咁樣囉,去去頭下氣噉樣囖,8,3
231,都幾舒服嘅咁我住嗰度喺學校入邊嘅,都幾舒服嘅噉我住嗰度喺學後入邊嘅,16,2
232,咁我學校唔係好大㗎啫,噉我學後唔係好大𡃉啫,10,3
233,咁就去到嘅時候咁我亦都會搵,噉就去到嘅時候噉我亦都會揾,13,3
234,亦都搵到香港嚟嘅朋友囉,亦都揾到香港離嘅朋友囖,11,3
235,咁就去到有個照應咁樣囉,噉就去到有個照應噉樣囖,11,3
236,所以去到就好啲囉,所以去到就好啲囉,8,0
237,嗰個係首先佢係嗰啲嚟嘅,嗰個係手先佢係嗰啲離嘅,11,2
238,咁佢就有,噉佢就有,4,1
239,比較特別就係佢分兩種房,比較特別就係佢分兩種刷,11,1
240,一種呢就係咁就自己一個住,一種呢就係噉就自己一個住,12,1
241,有廚房同埋廁所嘅,有廚房同埋廁所嘅,8,0
242,咁另外我住嗰啲呢就叫做,噉另外我住嗰啲呢就叫做,11,1
243,咁佢就係一個大嘅房,噉佢就係一個大嘅房,9,1
244,入邊有一個大嘅廚房呢就八個人嘅,入便有一個大嘅廚房呢就八個人嘅,15,1
245,咁另外呢住嗰度呢就係有八間細嘅房,噉另外呢住嗰度呢就係有八間細嘅刷,16,2
246,每個房都有自己嘅廁所囉,每個摷都有自己嘅U所囖,11,3
247,所以我就係同其他七個人呢就去嗰個廚房啦,所以我就係同其他七個人呢就去嗰個廚房喇,19,1
248,但我自己有有自己房同埋自己廁所囉,但我自己有有自己房同埋自己廁所囉,16,0
249,係呀係呀,係啊係啊,4,2
250,幾方便同埋有啲私隱囉,幾方便同埋有啲私隱囉,10,0
252,乾淨啲乾淨啲係呀,乾淨啲乾淨啲係呀,8,0
253,其實通常都係自己煮自己食,其失通常都係自己煮自己食,12,1
254,我我有其他朋友住其他呢係有唔同嘅體驗嘅,我我有其他朋友住其他呢係有唔同嘅體驗嘅,19,0
255,啫係有啲人係真係晚晚都一齊煮嘅,遮係有啲人係真係晚晚都一齊煮嘅,15,1
256,晚晚都一齊食咁樣嘅,晚晚都一齊食噉樣嘅,9,1
257,但我嗰度可能,但我嗰度可能,6,0
258,啲人比較,啲人比較,4,0
259,啫係可能冇咁主動啦,遮係可能冇咁主動喇,9,2
260,咁就通常係自己煮完就自己食,噉就通常係自己住完就自己食,13,2
261,但係見到嘅時候都會傾兩句咁樣囉,但係見到嘅時候都會傾兩句噉樣囖,15,2
262,我嗰度有兩個中國嘅女仔啦,我嗰度有兩個中國嘅女仔喇,12,1
263,有一個意大利嘅男仔,有一個意大利嘅男仔,9,0
264,一個印度嘅男仔,一個印度嘅男仔,7,0
265,兩個法國人同埋一個加拿大嘅人囉,兩個法國人同埋一個加拿大嘅人囖,15,1
266,所以其實都幾唔同,所以其實都幾唔同,8,0
267,嗯係呀,嗯係喇,3,1
268,都有嘅啫我食過,都有嘅啫我食過,7,0
269,嗰個意大利男仔煮嘅一啲意粉咁樣啦,嗰個意大利男仔煮嘅一啲意粉噉樣喇,16,2
270,啫係少少嘅咁我亦都食過嗰兩個中國女仔整嗰啲麻辣火鍋,遮係少少嘅噉我亦都食過嗰兩個中國女仔整嗰啲麻辣火蝸,25,3
271,係呀啫係佢地有自己嘅煲自己嘅電磁爐自己嘅湯包咁樣囉,係呀遮係佢哋有自己嘅煲自己嘅電池U自己嘅湯包噉樣囖,25,6
272,咁就自己整囉,噉就自己整囖,6,2
273,係呀都幾勁㗎,係呀都幾勁𡃉,6,1
274,我有試過見到蜘蛛囉,我有試過見到蜘蛛囉,9,0
275,啫係佢唔係普通嘅蜘蛛佢都幾大隻嘅蜘蛛,遮係佢唔係普通嘅蜘蛛佢都幾大隻嘅支蛛,18,2
276,咁啫係譬平時見到蜘蛛呢會驚一陣但係都會處理到嘅,噉遮係屁平時見到蜘蛛呢會驚一陣但係都會儲理到嘅,23,4
277,但係嗰一下呢就係凌晨兩點幾,但係嗰一下呢就係零神兩點幾,13,2
278,咁我已經係瞓着咁,噉我已經係瞓着噉,8,2
279,當我啫係熱到瞓唔着,當我姐係熱到瞓唔着,9,1
280,咁我要起身去飲杯水呀去整啲野嘅時候呢,噉我要起身去飲杯水啊去整啲嘢嘅時候呢,18,3
281,我就開咗電話嗰盞燈,我就開咗電話嗰盞燈,9,0
282,咁我就好似感覺到我嗰個床啫係我枕頭上邊嗰個位呢,噉我就好似感覺到我嗰個床啫係我枕頭上便嗰個位呢,23,2
283,有啲野郁緊咁樣,有啲嘢郁𡁵噉樣,7,3
284,咁我初頭都冇冇乜為意我就企咗起身,噉我初頭都冇冇乜為意我就企咗起新,16,2
285,咁因為兩點鐘其實都好黑啦,噉因為兩點鐘其實都好黑喇,12,2
286,但係咁我就用手機嗰個電筒去照一照啦,但係噉我就用手機嗰個電筒去照一照喇,17,2
287,咁我見到貌似係昆蟲啦,噉我見到U似係昆蟲喇,10,3
288,咁我就開始驚咁我就開燈啦,噉我就開始驚噉我就開燈喇,12,3
289,咁就見到一隻都比較大嘅蜘蛛,噉就見到一隻都比較大嘅蜘蛛,13,1
290,而我應該同佢同一個位置瞓咗可能兩個鐘咁樣囉,移我應該同佢同一個位置瞓咗可能兩個鐘噉樣囖,21,3
291,咁就係呢呢一下最驚因為我隻手係完全可能已經掂到佢啦,噉就係呢呢一下最驚因為我隻手係完全可能已經掂到佢喇,25,2
292,或者佢已經去咗我個頭啦咁,或者佢已經去咗我個頭喇噉,12,2
293,啫係有好多呢啲野係諗住囉咁,遮係有可多呢啲嘢係諗住囖噉,13,5
294,最尾我去處理呢隻蜘蛛嘅時候都花咗可能半個鐘至一個鐘嘅時間囉,最尾我去儲理呢隻蜘豬嘅時候都花咗可能半個鐘至一個鐘嘅時間囖,29,3
295,係呀因為因為都比較緊張囉,係呀因為因為都比較緊張囉,12,0
296,同埋已經好夜咁我又唔想嘈到其他人,同埋已經好夜噉我又唔想嘈到其他人,16,1
297,所以又要搵啫係要要要搵下點樣處理囉,所以又要揾遮係要要要揾下點樣儲理囖,17,5
298,好似唔使嘅好似唔使,好似唔使嘅好似唔使,9,0
299,真係好好彩係唔使早起身,真係好好彩係唔使早起新,11,1
300,三點都未瞓呀係呀係呀,三點都未瞓呀係啊係呀,10,1
301,嗯,嗯,1,0
303,我覺得嗰邊係比較多啲係,我覺得嗰邊係比較多啲係,11,0
304,啲學生係主動啲啦,啲學生係主動啲喇,8,1
305,咁喺香港可能好多係,噉喺香港可能好多係,9,1
306,嗰個講咁我地聽或者抄咁就算㗎啦,嗰個講噉我哋聽或者抄噉就算𡃉嚹,15,5
307,但係去到嗰邊係真係比較囉,但係去到嗰邊係真係比較囖,12,1
308,同埋啫係啲學生係真係會舉手呀,同埋遮係啲學生係真係會舉手啊,14,2
309,問問題呀咁樣囉,問問題啊噉樣囖,7,3
310,係囉所以嗰度可能同香港有啲分別囉,係囉所以嗰度可能同香港有啲分別囖,16,1
312,都有嘅我覺我覺得喺嗰個環境可能會令到人地啫係更加主動囉,都有嘅我覺我覺得喺嗰個還警可能會令到人哋啫係更加主動囖,27,4
313,咁我有去主動問野嘅,噉我有去主動問嘢嘅,9,2
314,主動咗,主動咗,3,0
315,都,都,1,0
316,都有嘅但係我覺得值得注意嘅就係其實,都有嘅但係我覺得直得蛀意嘅就係其實,17,2
317,法國呢個呢個國家都比較特別囉,法國呢個呢個國家都比較特別囉,14,0
318,啫係其實啲人都可能啫係係有一部分嘅人可能喺其他國家嚟嘅,遮係其實啲人都可能啫係係有一部份嘅人可能还其他國家來嘅,27,4
319,會比較主動咁有啲當地學生都會主動啲嘅,會俾較主動噉有啲當哋學生都會主動啲嘅,18,3
320,但係整體上好多法國人其實,但係整睇上好多法國人其實,12,1
321,上堂都唔會係太過多講野囉,上堂都唔會係太過多講嘢囉,12,1
322,啫係佢地佢地會係比較比較,遮係佢哋佢哋會係比較俾較,12,4
323,做自己野多啲囉,做自己嘢多啲囖,7,2
324,會,會,1,0
325,係啦同埋好似唔係太,係喇同埋好似唔係太,9,1
326,過比心機落去聽咁樣囉,過俾心機落去聽咁樣囉,10,1
327,啫係當然有一部分嘅同學係比較主動係主動過香港好多嘅,遮係當然有一部份嘅同學係比較主動係主動過香港好多嘅,25,2
328,但係亦都有一批可能當地嘅學生係比較冇咁主動囉,但係亦都有一批可能當哋嘅學生係比較冇咁主動囖,22,2
329,所以都睇到個分別喺度,所以都睇到個分別喺度,10,0
331,有學法文,有學發文,4,1
332,都唔係有進步咗好多因為我去之前呢其實有一個短短地兩個月嘅法文啦,都唔係有進步咗好多因為我去之前呢其實有一個短短哋兩個月嘅發文喇,31,3
333,但係就唔係真係學到好多野嘅,但係就唔係真係學到好多嘢嘅,13,1
334,啫係學到可能啲好基本數目字呀字母呀,遮係學到可能啲好機本數目字呀自母呀,17,3
335,點樣點樣去介紹自己嗰啲野啦,點樣點樣去介紹自己嗰啲嘢喇,13,2
336,但係去到呢我其實讀咗個㗎啫,但係去到呢我其實讀咗個𡃉啫,13,1
337,咁當然學到少少野啦啫係我睇到睇得明,噉當然學到少少嘢喇姐係我睇到睇得明,17,4
338,日常生活見到嘅野啦或者係,日常生活見到嘅嘢喇或者係,12,2
339,去譬如去買餸嘅時候會講到呀但係,去譬如去買送嘅時候會講到啊但係,15,2
340,啫係真係出到去溝通嘅時候其實都有難度囉,遮係真係出到去溝通嘅時候其實都有難度囖,19,2
341,嗯好過冇囉,嗯好過冇囉,5,0
342,好過冇囉係呀,好過冇囉係啊,6,1
344,我以前有自學過西班牙文嘅,我以前有自學過西班牙文嘅,12,0
345,咁去大學嘅時候,噉去大學嘅時候,7,1
346,其實都有讀過兩個咁樣嘅,其實都有讀過兩個噉樣嘅,11,1
347,但係就當然因為好多年冇講啦,但係就當然因為好多年冇講喇,13,1
348,或者冇練習,或者舞練習,5,1
349,咁而家再學埋法文呢其實都有少少唔記得同埋撈亂咗囉,噉而家再學埋發文呢其實都有少少唔記得同埋撈亂咗囖,24,3
350,我諗都有間接上有接觸嘅,我諗都有間接上有接燭嘅,11,1
351,啫係譬如我平時聽嘅歌呀,遮係譬如我平時聽嘅歌啊,11,2
352,或者睇嘅戲其真都有可能係西班牙文或者法文嘅,或者睇嘅汽其實都有可能係西班牙文或者發文嘅,21,3
353,但係啫係日常生活呀或者係學啫係你喺書本上學嗰啲呢就其實真係唔係好記得啦,但係遮係日常生活呀或者係學啫係你喺書本上學嗰啲呢就其實真係唔係好記得嚹,35,2
354,我我諗,我我諗,3,0
355,我暫時嘅目標都係啲嘅嘅,我暫時嘅目錶都係啲嘅嘅,11,1
356,咁可能係意大利文呀咁樣囉,噉可能係意大利文啊噉樣囖,12,4
357,或者葡萄牙文咁樣囉但係,畫者葡萄牙文咁樣囉但係,11,1
358,我諗第一步應該都係搞掂咗法文同埋西班牙文先囉,我諗第一部應該都係搞掂咗發文同埋西班牙文先囖,22,3
359,如果唔係會再撈亂啲,如過唔係會再撈亂啲,9,1
360,我諗暫時最難學好似呢就係葡萄牙文,我諗站時最難學好似呢就係葡萄牙文,16,1
361,因為因為我有接觸少少嘅咁,因為因為我有接U少少嘅噉,12,2
362,但係我覺得佢同埋其他語言嗰啲分別實在太大啦,但係我覺得佢同埋其他語言嗰啲分別實在太大嚹,21,1
363,咁法文其實如果你用語音呀或者係,噉發文其實如過你用語音啊或者係,15,4
364,啫係寫嗰啲嗰啲串字嘅方法其實都有唔同,遮係寫嗰啲嗰啲串自嘅方法其實都有唔同,18,2
365,但係因為我讀過呢所以我就覺得好好似容易掌握多啲咁樣囉咁,但係因為我讀過呢所以我就覺得好好似容易長U多啲噉樣囖噉,27,5
366,葡萄牙文啫係相比下我就會覺得係好似好大分別咁樣囉,葡萄牙文啫係傷俾下我就會覺得係好似好大分別噉樣囖,24,4
367,係啦,係喇,2,1
369,睇下睇下得唔得囉,睇下睇下得唔得囖,8,1
370,我都想嘅我都想嘅但係,我都想嘅我都想嘅但係,10,0
371,都要睇下有冇機會同埋時間囉,都要睇下有冇機會同埋時候囖,13,2
373,嗯,嗯,1,0
374,我就冇去到葡萄牙嘅,我就冇去到葡萄牙嘅,9,0
375,但係我都有去到西班牙西班牙同埋意大利,但係我都有去到塞班牙西班牙同埋意大利,18,1
376,嗯,嗯,1,0
377,我仲有去,我仲有去,4,0
378,我有去英國法國,我有去英國法國,7,0
379,西班牙意大利同埋比利時,塞班牙意大利同埋比脷時,11,2
380,呀同埋同埋丹麥,呀同埋同埋單麥,7,1
381,咁丹麥就係我自己去嘅,噉U麥就係我自己去嘅,10,2
384,歐洲咁多個地方,歐洲咁多個地方,7,0
385,呢個真係好大嘅問題,呢個真係好大嘅問題,9,0
386,因為我諗我諗其實每個地方都,因為我諗我諗其實每個地方都,13,0
387,都好嘅,都好嘅,3,0
388,啫係佢有特別嘅地方嘅但係,遮係佢有特別嘅地方嘅但係,12,1
389,我諗我係特別鐘意巴黎嘅,我諗我係特別中意巴來嘅,11,2
390,係啦因為佢可能,係喇因為佢可能,7,1
391,啫係可能喺嗰度生活係真係,遮係可能喺嗰度生活係真係,12,1
392,同香港係好大差別囉,同香港係好大差別囖,9,1
393,咁啫係之前好多人會講話巴黎人識得點樣享受生活呀嗰啲野咁我覺得,噉遮係之前好多人會講話巴來人識得點樣響受生活啊嗰啲嘢噉我覺得,30,7
394,當然佢地有忙碌嘅時候啦但係整體而然呢係真係幾舒服嘅,當然佢哋有U碌嘅時候喇但係整睇U然呢係陣係幾舒服嘅,25,6
395,咁我都幾鐘意個感覺嘅,噉我都幾鍾意個噉覺嘅,10,3
396,我就冇自己遇過嘅因為,我就冇自己預過嘅因為,10,1
397,其實講真呢我去之前呢我就做咗好多預習,其實講真呢我去之前呢我就做咗好多預習,18,0
398,咁包括係上網可能睇資料呀睇下一啫係啲啲片呀,噉包括係上網可能睇之U啊睇下一遮係啲啲片啊,21,6
399,睇下之前人地點樣比人呃呀或者有啲咩方法去去保護自己呀,睇下之前人哋點樣俾人啊啊或者有啲咩方法去去保護自己啊,26,5
400,或者去甚至係去,或者去甚至係去,7,0
401,啫係你去邊個係所謂嘅壞人呀,遮係你去邊個係所謂嘅壞人啊,13,2
402,或者賊人呀,或者賊人呀,5,0
403,咁樣之後去再作準備咁樣囉咁,咁樣之後去再作準被噉樣囖噉,13,4
404,好好好彩嘅就係我去到嘅時候係真係自己冇事嘅,好好好彩嘅就係我去到嘅時候係真係自己冇事嘅,21,0
405,但係我就有好多朋友呢係譬如電話比人偷咗呀或者錢比人偷咗呀,但係我就有好多朋友呢係譬如電話俾人偷咗啊或者錢俾人偷咗啊,28,4
406,或者甚至係而家有啲係迫你去簽啲嘅,或者甚至係而家有啲係逼你去U啲嘅,16,2
407,咁你簽完紙之後呢就咁就佢就一定要你比錢,噉你簽完子之後呢就噉就佢就一定要你俾錢,19,4
408,如果你唔比錢嘅話佢就唔知點樣告你呀或者搶你錢咁樣囉,如過你唔俾錢嘅話佢就唔知點樣狗你呀或者搶你始噉樣囖,25,6
409,係啦啫係啫係佢手法其實啫係騙徒嘅手法已經係,係喇遮係遮係佢手發其實遮係片途嘅手發已經係,21,8
410,好多好多款囉,好多好多款囉,6,0
411,我有呀我有呀,我有呀我有呀,6,0
412,我有離遠見過嘅啫係譬如有啲遊客係真係唔知佢可能簽咗紙或者係,我有離遠見過嘅啫係譬如有啲遊客係真係唔知佢可能籤咗指或者係,29,2
413,已經係同佢地,已經係同佢哋,6,1
414,同嗰啲賊人真係溝通咗啦,同嗰啲賊人真係溝通咗喇,11,1
415,咁嘅時候呢咁,噉嘅時候呢噉,6,2
416,佢地就會係成班人圍圍住佢去下手咁樣囉,佢哋就會係成班人為圍住佢去下手噉樣囖,18,4
417,咁呢啲情況都都幾危險囉,噉呢啲情況都都幾危險囖,11,2
418,係呀都幾舒服嘅,係呀都幾舒服嘅,7,0
420,羅浮宮係啦我我羅浮宮呢就去咗都真係好多次,羅頭公係喇我我羅頭功呢就去咗都真係好多次,20,5
421,好似有四次定,好似有四次定,6,0
422,因為其實我中四嘅時候已經同學校去咗一次啦,因為其實我中四嘅時候已經同學喀去咗一次嚹,20,2
423,咁之後我一月嘅時候呢又同自己一堆新嘅朋友去咗啦,噉之後我一月嘅時候呢又同自己一堆新嘅朋友去咗嚹,23,2
424,咁之後二月嘅定定係囉好似二月定三月嘅時候我有香港嘅朋友嚟咗,噉之後二月嘅定定係囖好似二月定三月嘅時候我有香港嘅朋友離咗,29,3
425,咁就再去多次,噉就再去多次,6,1
426,咁之後好似都再去多一次嘅咁,噉之後好似都再去多一次嘅噉,13,2
427,係啦係啦之後好似五月嘅時候都去咗一次嘅,係嚹係喇之後好似五月嘅時候都去咗一次嘅,19,2
428,所以都而家咁樣數都有四次囉,所以都而家噉樣數都有四次囖,13,2
429,都幾鐘意嘅同埋,都幾鍾意嘅同埋,7,1
430,嗰個博物館其實真係好大,嗰個博物管其實真係好大,11,1
431,因為我第一第二次去嘅時候呢其實係朝早九點鐘去到,因為我第一第二次去嘅時候呢其實係朝早九點鐘去到,23,0
432,佢六點鬆六點鐘閂門嘅時候其實我都仲未睇仲未睇得哂嘅,佢六點鬆六點中閂門嘅時候其實我都重未睇重未睇得晒嘅,25,4
433,所以留咗嗰度九個鐘呢,所以留咗嗰度九個鐘呢,10,0
434,都未睇得哂嘅時候就覺得真係真係幾犀利好大,都未睇得晒嘅時候就覺得真係真係幾犀利好大,20,1
435,同埋想睇啦其實都係未睇得哂,同埋想睇喇其實都係未睇得晒,13,2
436,因為我諗每個人去嘅時候啫係第一次去都會睇返啲最出名嗰啲野,因為我諗每個人去嘅時候啫係第一次去都會睇返啲最出名嗰啲嘢,28,1
437,例如例如咁樣啦,例如例如噉樣喇,7,2
438,咁就每次都會再去咗嗰度先,噉就每次都會再去咗嗰度先,12,1
439,咁永遠都係會去唔到最最遠嗰度,噉永遠都係會去唔到最最遠嗰度,14,1
440,係啦我我仲未去到嗰度,係喇我我仲未去到嗰度,10,1
441,可能調返轉頭行,可能調返轉頭行,7,0
442,最尾嗰度開始行係啦,最尾嗰度開始行係喇,9,1
443,嗯係啦,嗯係喇,3,1
445,非常掛住法國我嗰陣因為,非常掛住法國我嗰陣因為,11,0
446,首先係第一次自己一個生活啦,首先係第一次自己一個生活喇,13,1
447,咁當然有朋友但係,噉當然有朋友但係,8,1
448,即係譬如你日常生活呀煮飯呀照顧自己嗰啲都係自己咁我幾鐘意嗰個感覺嘅,即係譬如你日常生活啊煮飯啊照顧自己嗰啲都係自己噉我幾鍾意嗰個感覺嘅,33,4
449,咁同埋我諗香港其實真係好大壓力,噉同埋我諗香港其實真係好大壓力,15,1
450,所以去到嗰度有稍為有少少機會去抖啖氣去休息一下嘅時候呢,所以去到嗰度有青為有少少機會去頭啖氣去休識一下嘅時候呢,27,3
451,咁,噉,1,1
452,啫係個感覺係好好美好呀,遮係個感覺係好好尾好啊,11,3
453,所以啫係會有少少掛住法國嘅,所以遮係會有少少掛住法國嘅,13,1
454,都都真係幾慢,都都真係幾慢,6,0
455,都真係幾慢㗎係呀啫,都真係幾慢㗎係啊啫,9,1
456,真係會好比較佗佻囉,真係會好俾較他條囖,9,4
458,有呀我諗我諗最大嘅,有呀我諗我諗最大嘅,9,0
459,嗰個位就係效率方面囉,嗰個位就係校律方面囉,10,2
460,因為香港係實在真係太高效率啦,因為香港實在真係太高校慮嚹,14,4
461,啫係譬如你開一個銀行戶口呢咁你啫只需要一啲好簡單嘅手續,遮係譬如你開一個銀行乜口呢噉你姐指需要一啲好簡單嘅手續,27,5
462,好少嘅時間就會就會搞得掂囉,好少嘅時間就會就會搞得掂囖,13,1
463,啫係如果你真係有事緊急嘅時候可能係即日已經已經開到個戶口添囉但係,遮係如過你真係有事緊急嘅時候可能係即日已經已經開到個護口添囖但係,32,4
464,喺法國呢我開戶口係用咗我諗個半月嘅時間囉,喺法國呢我開護口係用咗我諗個半月嘅時間囖,20,2
465,咁啫係佢當中有好多好繁複嘅手績啦,噉遮係佢當中有好多好多帆覆嘅手續喇,16,7
466,同埋一啲我唔能夠理解嘅一啲一啲,同埋一啲我唔能夠理解嘅一啲一啲,15,0
467,就例如佢啫係佢有好多野係要寄信去我屋企咁,就例如佢遮係佢有好多嘢係要寄信去我屋企噉,20,3
468,要我睇我要攞到封信之後先先可能有個密碼去去下一個步驟咁樣,要我睇我要攞到封信之後先先可能有個密碼去去下一個部就噉樣,28,3
469,囉咁啫喺香港可能係幾分鐘收個嘅事囉,囉噉姐喺響港可能係幾分中收個嘅事囖,17,5
470,咁呢啲野就會令到我有少少唔習慣囉,噉呢啲嘢就會令到我有少少唔習慣囖,16,3
472,都呀我覺得,刀呀我覺得,5,1
473,啫係一開始可能有少少唔習慣啦,遮係一開始可能有少少唔習慣喇,14,2
474,因為法國呢好多地方星期日同埋星期六呢都係唔開門嘅,因為法國呢好多地方星期日同埋星期六呢都係唔開門嘅,24,0
475,咁星期一可能都有時唔開門特別係銀行星期一唔會開嘅,噉星期一可能都有時唔開門特別係銀行星期一唔會開嘅,24,1
476,咁啫係好多呢啲呢啲野就會喺香港可能慣咗廿四小時都會有野買呀,噉遮係好多呢啲呢啲嘢就會喺香港可能慣咗廿四小時都會有嘢買啊,29,5
477,或者有野做呀但係,或者有嘢做啊但係,8,2
478,喺法國真係四點至五點之後呢其實就真係冇乜活動㗎啦,喺法國真係四點至五點之後呢其實就真係冇乜活動𡃉嚹,24,2
480,搞唔掂我諗我諗煮飯係一個難題啦,搞唔掂我諗我諗煮飯係一個難題嚹,15,1
481,因為喺香港啫係都有煮飯嘅機會嘅,因為喺香港啫係都有煮飯嘅機會嘅,15,0
482,但係以前就有工人姐姐啦,但係以前就有工人姐姐喇,11,1
483,咁啫係好多好多時候都會係可能嗲哋媽咪會負責嘅,噉遮係好多好多時候都會係可能爹哋媽咪會U責嘅,22,4
484,咁喺香港就比較少機會真係自己下廚呀咁樣啦,噉喺香港就比較小機會真係自己下U啊噉樣喇,20,6
485,咁就算去買餸嗰啲呢都有機會有試過但係,噉就算去買送嗰啲呢都有機會有試過但係,18,2
486,就啫係都唔係我特別去負責啦,就遮係都唔係我特別去U責嚹,13,3
487,咁去到法國呢就由買餸呀到真係煮飯呀到到,噉去到法國呢就油買送啊到真係煮飯啊到到,19,5
488,啫係好多好多呢啲野可能細個嘅時候冇特別諗啦但係去到就知道其實,遮係好多好多利啲嘢可能細個嘅時候冇特別諗喇但係去到就知道其實,30,4
489,都好都好啫係個都好好多,都好都好啫係個都好好多,11,0
490,係啦都好大嘅,係喇都好大嘅,6,1
491,都應該冇乜特別,都應該冇乜特別,7,0
492,因為我都係因為我有帶好慶幸有帶個飯煲去法國嘅,因為我都係因為我有戴好興U有帶個飯煲去法國嘅,22,3
493,咁我真係由香港帶去嘅,噉我真係遊香港帶去嘅,10,2
494,咁一個細飯煲,噉一個細飯煲,6,1
495,所以啫係最簡單煮飯煮麵煮粥,所以遮係最簡單煮飯主麵主捉,13,4
496,嗰啲都搞得掂,嗰啲都搞得掂,6,0
497,係囉都比較方便囉但係如果你真係要問嘅我就整咗好多次嗰啲,係囉都比較方便囖但係如過你真係要問嘅我就整咗好多次嗰啲,27,2
498,焗三文魚或者焗魚囉,焗三文魚或者焗魚囉,9,0
499,都唔係醃咗㗎佢就係一片新鮮嘅譬如三文魚咁樣,都唔係業咗㗎佢就係一片新先嘅譬如三文魚噉樣,21,3
500,咁我就用錫紙包住佢啫係其實真係好簡單好簡單我,噉我就用錫趾包住佢啫係其實真係好簡單好簡單我,22,2
501,但係唔知點解我以前會唔識囉,但係唔知點計我以前會唔識囖,13,2
502,咁就落鹽同埋嗰啲黑椒咁樣,噉就落鹽同埋嗰啲刻招噉樣,12,4
503,咁跟住有時呢鐘意嘅時候就落檸檬汁咁樣啦,噉跟住有時呢鍾意嘅時候就落檸檬汁噉樣喇,19,4
504,但係就擺喺個焗爐到焗囉咁可能半個鐘之後就好好味㗎啦,但係就擺喺個焗爐到焗囉噉可能半個忠之後就好好味𡃉嚹,25,4
505,係啦方便囉同埋係呀同埋我唔知點解我細個真係唔識呢樣野囉,係喇方便囉同埋係啊同埋我唔知點偈我細個真係唔識呢樣嘢囖,27,5
506,而家識而家識係呀係呀,而家識而家識係呀係啊,10,1
507,嗯,嗯,1,0
509,都有嘅,都有嘅,3,0
510,咁啫係移民有嘅,噉遮係移民有嘅,7,2
511,但係我諗因為其實太多其他方面嘅一啲事情要考慮啦,但係我諗因為其實太多其他方面嘅一啲視情要考慮嚹,23,2
512,例如可能屋企人嘅嘅工作點樣呀,例如可能屋企人嘅嘅工作點樣啊,14,1
513,咁我頭先講到啦細佬啦咁,噉我頭先講到喇細佬嚹噉,11,4
514,佢細我五年咁就算我喺呢一個時刻真係可以移民啦,佢細我五年噉就算我喺呢一個時黑真係可以移民嚹,22,3
515,咁但係都要睇番可能佢喺啫係佢讀書方面呀或者佢喺學校係咪真係可以做到呢,噉但係都要睇返可能佢喺遮係佢讀書方面啊或者佢喺學校係咪真係可以做到呢,34,4
516,去到嗰邊會唔會有其他學校去收佢呢,去到嗰邊會唔會有其他學校去收佢呢,16,0
517,啫係有好多呢啲嘅顧慮囉,遮係有好多呢啲嘅故慮囉,11,2
518,所以啫係以前一定有諗過而家都會有考慮嘅,所以遮係以前一定有諗過而家都會有考慮嘅,19,1
519,但係就有好多唔同嘅因素去影響住囉,但係就有好多唔同嘅恩掃去影響住囖,16,3
520,我都會比較鐘係呀我都會,我都會俾較忠係啊我都會,11,3
521,係啦係啦,係喇係喇,4,2
522,我應該去過兩次,我應該去過兩次,7,0
523,真係大嘅遊學團,真係大嘅遊學團,7,0
524,咁一次就係去啦頭先講到,噉一次就係去喇頭先講到,11,2
525,一次就係去荷蘭同埋法國係啦,一次就係去河欄同埋法國係嚹,13,3
526,中學嘅時候呢就,中學嘅時候呢就,7,0
527,都有幾多活動嘅,都有幾多活動嘅,7,0
528,咁就比較我諗係高中嘅時候就開始參加呢啲活動啦,噉就比較我諗係高中嘅時候就開始參加利啲活動嚹,22,3
529,咁我有參加過學校啲,噉我有參加過學校啲,9,1
530,合唱團同埋管弦樂團呀,合唱團同埋管然鱷團啊,10,3
531,咁我就其實以前呢就真係有機會去去作曲嘅,噉我就其實以前呢就真係有機會去去作曲嘅,19,1
532,咁就作完首歌之後就俾個去去咁樣啦,噉就作完手歌之後就俾個去去噉樣喇,16,4
533,咁好好開心就係我自己嘅畢業典禮呢係可以自己自己指揮自己指返自己首歌咁樣嘅,噉好好開心就係我自己嘅畢業典禮呢係可以自己自己指揮自己指返自己首哥噉樣嘅,36,3
534,係啦自己作嘅自己作,係喇自己作嘅自己作,9,1
535,咁嗰度就係比較難忘囉,噉嗰度就係比較難忘囖,10,2
536,咁另外有多學校嘅活動其實我都有機會去統籌啦去咁樣,噉另外有多學校嘅活動其實我都有機會去桶U喇去噉樣,24,5
537,咁啫係例如啲啲呀,噉遮係例如啲啲啊,8,3
538,或者係嗰啲活動咁樣啫係有好多野我都有參加過嘅,或者係嗰啲活動噉樣遮係有好多嘢我都有參家過嘅,22,4
539,但係如果你問我真係最難忘嘅真係就會真係中六自己指揮自己首歌嗰一下囉,但係如過你問我真係最難忘嘅真係就會真係終六自己指揮自己手哥嗰一下囖,33,5
541,係呀係呀咁嗰首歌其實就,係呀係呀噉嗰首歌其實就,11,1
542,其實都係畢業嘅,其實都係畢業嘅,7,0
543,啫係原本嗰首歌嘅嘅意思已經係令到人地好啫係有係啦傷感或者感觸嘅,遮係原本嗰首歌嘅嘅意思已經係令到人哋好啫係有係嚹傷噉或者噉捉嘅,31,6
544,咁喺嗰一下喺嗰個環境之下去去指返呢首歌咁,噉喺嗰一下喺嗰個環境之下去去指返呢手歌噉,20,3
545,個感覺係好特別囉,個感覺係好特別囖,8,1
546,都都有嘅但但但嗰下要忍住先因為你要搞掂搞掂個先,都都有嘅彈彈彈嗰下要忍住先因為你要搞掂搞掂個先,23,3
548,我諗細個嘅時候都會有嘅,我諗細個嘅時候都會有嘅,11,0
549,但係因為因為細個嘅時候我都會有彈琴咁樣啦,但係因為因為細個嘅時候我都會有U琴噉樣喇,20,3
550,咁可能自己作咗都唔知但係,噉可能自己作咗都唔知但係,12,1
551,就真係去到中學嘅時候就真係可能會寫低呀或者係,就真係去到中學嘅時候就真係可能會寫低啊或者係,22,1
552,係有啲軟有啲有啲可以去去作曲咁樣嘅,係有啲遠有啲有啲可以去去作曲噉樣嘅,17,2
553,咁就真係自己係俾咗心機落去作嘅,噉就真係自己係俾咗心機落去作嘅,15,1
554,我都係主要係彈琴,我都係主要係U琴,8,1
555,就以由以前好細個,就耳油以前好細個,8,2
556,幼稚園嘅時間就開始學電子琴,幼U院嘅時間就開始學電子琴,13,2
557,咁慢慢就轉咗去鋼琴咁樣啦,噉萬慢就轉咗去鋼琴噉樣喇,12,4
558,咁就一路學學到去中學,噉就一路學學到去終學,10,2
559,我諗高中嘅時候囉,我諗高中嘅時候囖,8,1
560,但係就主要係琴囉咁我有嘗試自學過其他樂器嘅,但係就主要係琴囖噉我有常試字學過其他樂器嘅,21,4
561,但係可能唔夠時間去練習啦咁,但係可能唔救時間去練習喇噉,13,3
562,其實而家都唔係好記得啦,其實而家都唔係好記得嚹,11,1
563,嗯都係鋼琴囉,嗯都係鋼琴囖,6,1
564,係啦係啦,係喇係喇,4,2
566,都有嘅但係我成日都覺得可能,都有嘅但係我成日都覺得可能,13,0
567,作曲呢方面其實有好多機會同埋好多空間去進步囉,作曲利方面其實有好多機會通埋好多空間去進步囖,22,3
568,因為我雖然我覺已經好開心呀其實作到一首歌出嚟,因為我雖然我角已經好開心啊其實作到一首歌出梨,22,3
569,咁表演啫係係係可以表演嘅咁呢樣野其實都覺得有成就感嘅,噉表演啫係係係可以表演嘅噉利樣嘢其實都覺得有成就噉嘅,26,5
570,但係我永遠都覺得係可以再作得好啲可以再用啲好啲嘅呀,但係我永遠都覺得係可以再作得好啲可以再用啲好啲嘅啊,25,1
571,啫係永遠都有機會再去進步囉,遮係永遠都有機會再去進步囉,13,1
572,挫敗呀,錯白呀,3,2
574,挫敗呀,錯白呀,3,2
575,又好似冇喎因為,又好似冇喎因為,7,0
576,都係開心嘅因為我覺得啫係作曲呢啲野其實冇啱定錯嘅,都係開心嘅因為我覺得姐係作曲利啲嘢其實冇啱定錯嘅,24,3
577,啫係錯敗呢樣野就可能真係冇,遮係錯白利樣嘢就可能真係冇,13,4
578,但係你話如果我覺得啫係我唔係好滿意呀,但係你話如過我覺得遮係我唔係好滿意啊,18,3
579,或者係啫係我唔係百分百滿意呀,或者係遮係我唔係百份百滿意啊,14,3
580,或者我覺得啫係好好似好好多野可以再改過嗰啲時候就有嘅,或者我覺得姐係好好似好好多嘢可以再改過嗰啲時候就有嘅,26,2
581,但係完完全全嘅錯敗感呢就好似冇,但係圓完全全嘅錯白噉呢就好似冇,15,3
583,係啦係啦,係喇係喇,4,2
585,而家就機會少啲囉,而家就機會少啲囉,8,0
586,我諗可啫係上到大學之後會開始忙啦,我諗可啫係上到大學之後會開始忙嚹,16,1
587,咁譬如而家仲有一年就畢業啦,噉譬如而家仲有一年有畢頁嚹,13,4
588,咁可能會平時都要做實習呀,噉可能會平時都要做實集啊,12,3
589,嗰啲咁令到啫係時間係冇咁容易就到囉,嗰啲噉令到啫係時間係冇咁容易就到囖,17,2
590,咁就可能少咗機會作曲囉,噉就可能少咗機會作曲囖,11,2
591,但係如果有時間嘅話我都會再想繼續囉,但係如過有時間嘅話我都會再想繼續囖,17,2
594,我有兩個音樂老師對我影響都好深嘅,我有兩個音樂老師對我影響都好深嘅,16,0
595,咁第一個就係我中學第一個音樂老師啦咁,噉第一個就係我中學第一個音樂老師喇噉,18,3
596,佢係啫係佢係比較特我覺得佢比較特別嘅,佢係遮係佢係比較特我覺得佢俾較特別嘅,18,2
597,啫係佢唔係一啲好傳統嘅老師啦,遮係佢唔係一啲好全統嘅老師喇,14,3
598,佢係比較一個佢真真真正係音樂家嗰種感覺嚟嘅,佢係比較一個佢真真真正係音樂家嗰種感覺離嘅,21,1
599,啫係佢做野係好隨心嘅,遮係佢做嘢係好除心嘅,10,3
600,覺得啱就做覺得唔啱就唔做咁佢,覺得啱就做覺得唔啱就唔做噉佢,14,1
601,以前佢係幫咗,以前佢係幫咗,6,0
602,啫係佢係讀電影音樂業嘅,遮係佢係讀電影音樂業嘅,11,1
603,咁佢係真係幫嗰啲電影去作曲嘅,噉佢係真係幫嗰啲電影去作曲嘅,14,1
604,咁佢以前係作係幫過本地一齣兩齣戲去作曲嘅,噉佢以前係作係幫過本地一出兩出戲去作曲嘅,20,3
605,咁我覺得其實佢個對我影響都幾幾深刻囉,噉我覺得其實佢個對我影響都幾幾心黑囖,18,4
606,同埋啫係佢講嘅野呀或者佢嘅經驗同我講啫係比到我嘅野其實都好,同埋遮係佢講嘅嘢啊或者佢嘅經驗同我講啫係俾到我嘅嘢其實都好,29,5
607,好,好,1,0
608,係啦好好影響好深嘅,係喇好好影響好深嘅,9,1
609,咁另外嗰位老師就係一位韓國嘅老師啦,噉另外嗰位老師就係一位韓國嘅老師喇,17,2
610,韓國嘅音樂老師,韓國嘅音樂老師,7,0
611,咁佢就相對另外嗰位老師呢就可能係比較傳統啲嘅,噉佢就傷對另外嗰位老師呢就可能係比較傳統啲嘅,22,2
612,但係我諗可能係有文化差異嗰度啦,但係我諗可能係有文化叉二嗰度喇,15,3
613,嗰度有分別啦啫係佢,嗰度有分別嚹啫係佢,9,1
614,可能佢自己帶住佢自己嘅一啲視野呀或者係其他佢自己嘅文化,可能佢自己帶住佢自己嘅一啲事嘢啊或者係其他佢自己嘅文化,27,3
615,咁嚟到我地學校去教嘅時候呢,噉離到我哋學校去教嘅時候呢,13,3
616,嗰個體驗又係唔同啲囉,嗰個睇驗又係唔同啲囖,10,2
617,影響好深,影響好深,4,0
618,都有嘅但係啫係都係都係咁講啦啫係上到大學之後都會比較忙啦,都有嘅但係遮係都係都係噉講喇姐係上到大學之後都會俾較忘嚹,28,7
619,咁佢地佢地又會自己有自己嘅學生咁樣所以,噉佢哋佢哋又會自己有自己嘅學生噉樣所以,19,4
620,啫係溝通係都有但係會少咗囉,遮係溝通係都有但係會少咗囉,13,1
621,係啦咁可能到去每年可能返返學校參加活動呀,係喇噉可能到去每年可能返返學校參加活動啊,20,3
622,嗰啲時候先會再見到囉,嗰啲時候先會再見到囖,10,1
624,都有嘅,都有嘅,3,0
625,啫係頭先譬如講到我去幫學校去好多唔同活動嘅時候呢,遮係頭先譬如講到我去幫學校去好多唔同活動嘅時候呢,24,1
626,其實有一位老師就係佢專係負責呢一種嘅活動嘅,其實有一位老師就係佢專係U責利一種嘅活動嘅,21,2
627,咁佢其實佢都比咗好多機會我去可能去個去去統籌一啲野呀,噉佢其實佢都俾咗好多機會我去可能去個去去桶籌一啲嘢啊,26,5
628,咁或者佢啫係譬如我去真係統籌嘅時候咁佢其實俾咗好多機會俾咗好多信任囉,噉或者佢啫係譬如我去真係桶U嘅時候噉佢其實俾咗好多機會俾咗好多信任囖,34,5
629,啫係因為老呢啲活動始終都係老師負責啦,遮係因為老屋啲活U始終都係老師U責喇,18,5
630,咁你去安排俾學生去搞嘅時候,噉你去安排俾學生去搞嘅時候,13,1
631,咁其實你都要係真係信信得過嗰位學生啦,噉其實你都要係真係信信得過嗰喂學生喇,18,3
632,或者真係要俾機會佢去做咁樣囉,或者真係要俾機會佢去做噉樣囖,14,2
633,咁我覺得嗰位老師都啫係對我影響都幾深刻囉,噉我覺得嗰位老師都姐係對我影響都幾心黑囖,20,5
634,做咩活動最難忘,做咩活動最難忘,7,0
635,最有挑戰性,最有U戰性,5,1
636,我諗會係我地學校可能有一次嘅咁樣啦,我諗會係我哋學校可能有一次嘅噉樣喇,17,3
637,其實佢唔係佢係因為我學校十週年嘅一個活動咁樣,其實佢唔係佢係因為我學校十周年嘅一個活U噉樣,22,3
638,咁就當然係啫係每一年都有每一年都有類似嘅活動啦,噉就當然係遮係每一年都有每一年都有慮似嘅活U喇,23,5
639,但係啱啱去到十週年嘅時候咁當然所有活動都會係比較大規模啦,但係啱啱去到十周年嘅時候噉當然坐有活U都會係比較大規無喇,28,6
640,咁可能多咗資源落去呀,噉可能多咗支原落去啊,10,4
641,多咗學同學幫手咁樣,多咗學同學幫手咁樣,9,0
642,咁嗰次係雖然個性質係差唔多,噉嗰次係衰然個性質係差唔多,13,2
643,但係因為實在太重要啦,但係因為實在太仲要喇,10,2
644,同埋太多因素影響呢,同埋太多恩掃影響嘞,9,3
645,咁就覺得嗰樣野真係好有挑戰性囉,噉就覺得嗰樣嘢真係好有U戰性囖,15,4
646,係啦牽涉好多人囉,係喇軒攝好多人囉,8,3
647,校係囉我諗校友嗰校友嗰方面都係比較特別囉,校係囖我諗校有嗰校有嗰方面都係俾嚿特別囖,20,6
648,因為始終都係十週年啦咁譬如校友會嗰啲,因為始終都係十周年喇噉譬如校有會嗰啲,18,4
649,活動都要搞得比較大囉,活動都要搞得比較大囉,10,0
650,咁就好多嘉賓會嚟囉,噉就好多嘉賓會離囖,9,3
651,咁嗰一次就會比較啫係有挑戰性囉我覺得,噉嗰一次就會俾較啫係有U戰性囖我覺得,18,4
652,嗯上到大學之後呢其實由到呢,嗯上到大學之後爹其實游到嘞,13,3
653,我就參加咗一個學會啦,我就參加咗一個學會喇,10,1
654,咁就做其實我都唔係好記得叫乜野名,噉就早其實我都唔係好記得叫乜嘢名,16,3
655,但係啫係總之係一個入邊咁樣嘅,但係遮係總之係一個入便噉樣嘅,14,3
656,咁嗰個呢就係香港最大嘅一個嚟嘅,噉嗰個囖就係香港最大嘅一個離嘅,15,3
657,咁就佢嘅會員就係香港九間大學嘅一啲商學生啦,噉就佢嘅會原就係香港狗間大學嘅一啲箱學生喇,21,5
658,咁我就係係啦係香港所有讀嘅,噉我就係係嚹係香港所有毒嘅,13,3
659,啫係大學所有讀嘅學生其實都會係我地會員呀,遮係大學所有毒嘅學生其實都會係我哋會圓啊,20,5
660,咁個會員個其實達到萬五人囉,噉個會圓個其實達到慢五人囖,13,4
661,咁係係其實真係好多咁,噉係係其實真係好多噉,10,2
662,我地有十八個嘅咁我就係其中一個啦,我哋有十八個嘅噉我就係其中一個喇,16,3
663,咁就係香港大學嘅代表咁樣,噉就係香港大學嘅袋表噉樣,12,3
664,咁之後啫係其實搞咁多活動,噉之後啫係其實搞噉多活動,12,2
665,俾咁多位會員呢其實係真係好有挑戰性嘅,俾咁多位會完嘞其實係真係好有U戰性嘅,18,3
666,就同以前中學所謂好有挑戰性嗰啲活動呢其實個啫係已經差好遠啦,就同以前中學所謂好有U戰性嗰啲活U囖其實個啫係已經叉好遠嚹,29,5
667,已經知道其實以前嗰啲真係濕濕碎,已經知道其實以前嗰啲真係濕濕歲,15,1
668,而家嗰啲真係爭好遠啦,而家嗰啲真係爭好遠嚹,10,1
669,咁亦都係有有經驗或者有體驗係真係去,噉亦都係有有經驗或者有體艷係真係去,17,2
670,想真真係去管可能錢呀管啲資源呀同公司合作呀,想真真係去管可能錢呀管啲之圓啊同公司合作啊,21,4
671,同啫係各方面都要有有個有個交流呀,同遮係覺方面都要有有個有個膠流啊,16,4
672,咁我覺得呢樣野其實真係好有挑戰性囉,噉我覺得囖樣嘢其實真係好有U戰性囖,17,5
673,作為一個商學生,作為一個傷學生,7,1
674,我個職位其實係負責啲比較,我個即慧其實係U責啲比較,12,3
675,啫係其實主要都係幫會員去搞啲活動嘅,遮係其實主要都係幫會圓去攪啲活動嘅,17,3
676,咁譬如我地以前有搞過呀,噉譬如我哋以前有搞過啊,11,3
677,或者係幫學同學去搵啲唔同公司嘅呀,或者係幫學同學去搵啲唔同公司嘅啊,16,1
678,或者去啫係去搞啲俾佢地去參觀唔同嘅公司,或者去啫係去搞啲比佢哋去參觀唔同嘅公司,19,2
679,咁其實個種類係好多嘅,噉其實個種慮係好多嘅,10,2
680,咁而都係要睇下我地自己創意去發揮囉,噉而都係要睇下我哋自己創意去發揮囖,17,3
681,因為我嗰年呢我就新加咗一個叫嘅一啲野,因為我嗰年囖我就新家咗一個叫嘅一啲嘢,18,3
682,咁主要就係,噉煮U就係,5,3
683,啫係可能而家而家呢個現今社會係比較,遮係可能而家而家哩個現金社會係比較,17,3
684,啫係個個趨勢都係趨向啲譬如呀或者去,遮係個個吹細都係吹向啲譬如啊或者去,17,5
685,交流呀溝通呀呢啲咁嘅咁嘅平台啦,交留啊溝通呀哩啲噉嘅噉嘅U台喇,15,7
686,咁我地其實都搞咗啲咁嘅活動去搵咗唔同公司嘅一啲代表去去幫學生咁樣囉,噉我哋其實都搞咗啲噉嘅活動去揾咗唔同公司嘅一啲代表去去幫學生噉樣囖,33,6
687,咁當中係帶有好多挑戰性囉,噉咚中係戴有好多U戰性囖,12,5
689,都其實都都有幾多次機會就係真係忙到冇得瞓嘅咁,都其實都都有幾多次機會就真係忙到冇得瞓嘅噉,22,2
690,咁係囉我諗通常都係搞活動之前嗰幾日或者嗰一個禮拜,噉係囖我諗通常都係搞活動之前嗰几日或者一個禮拜,24,4
691,就會開始覺得緊張啦,就會開始覺得緊張嚹,9,1
692,或者係真係好多野要預備嘅時候呢咁,或者係真係好多嘢要預鼻嘅時候囖噉,16,4
693,咁都要犧牲下啲休息嘅時間囉,噉都要黑生下啲休式嘅時間囖,13,5
695,我諗我地普遍嘅活動最少都有我諗,我諗我哋普遍嘅活動最小都有我諗,15,2
696,百幾至二百人三百人咁樣,百幾至二百人三百人噉樣,11,1
697,都好多嘅,都好多嘅,4,0
698,咁啫係要要明白到就係個學會得十八個幹事呀係幹事呀,噉遮係要要明白到就係個學會得十八個降事呀係U事啊,24,5
699,啫係十八個幹事啦,遮係十八個降事啦,8,2
700,咁你要去十八個人去幫,噉你要去十八個人去幫,10,1
701,去搞一個俾一萬五千人嘅嘅會員嘅一個活動其實,去搞一個俾一萬五千人嘅嘅會U嘅一個活淨其實,21,2
702,真係有難度嘅,真係有難度嘅,6,0
703,咁啫係明白咗呢樣野之後咁其實可能搞到俾幾百人呀或者二百人三百人其實都都幾滿足嘅,噉遮係明白咗哩樣嘢之後噉其實可能搞到俾幾百人啊或者二百人三百人其實都都幾滿足嘅,39,6
704,係啦,係喇,2,1
706,有幫助有幫助,有幫座有幫座,6,2
707,咁我諗啫係而家啲學生都好注重真係去試下做啲野咁樣啦咁,噉我諗遮係而家啲學生都好U重真係去試下做啲嘢噉樣喇噉,26,7
708,嗰一次俾我嘅機會就係真係有有有得去嘗試唔同嘅野囉,嗰一次俾我嘅機會就係真係有有有得去常試唔同嘅夜囖,24,3
709,啫係譬如你自己有啲去搞啲活動嘅,遮係譬如你自己有啲去攪啲活動嘅,15,2
710,咁你真係有資源有時間,噉你真係有支圓有時間,10,3
711,有一個身分去俾你去搞呢樣野,有一個身粉去俾你去搞囉樣嘢,13,3
712,咁可能係其他學生未有機會去嘗試到呢樣野嘅,噉可能係其他學生味有機會去常試到哩樣嘢嘅,20,5
713,咁呢樣野我覺得係都有所得着嘅,噉哩樣嘢我覺得係都有所得着嘅,14,3
715,係囉同埋去嘗試搞咗呢啲活動之後或者同公司合作咗之後,係囉同埋去常試搞咗哩啲活動之後或者同公司合作咗之後,25,2
716,咁你會更加明白哦而家呢個市場究竟係點樣呀,噉你會更加明白哦而家囖個市場究竟係點樣啊,20,3
717,或者係公司嘅運作係點樣呀,或者係公司嘅運作係點樣啊,12,1
718,咁對之後畢咗業出嚟做野係一定有佢嘅幫助,噉對之後筆咗業出離做嘢係一定有佢嘅幫座,19,5
719,都都有嘅,都都有嘅,4,0
720,咁我我諗我自己係一個比較鐘意一樣野嘅人,噉我我諗我自己係一個比較鍾意一樣嘢嘅人,19,3
721,咁就可能,噉就可能,4,1
722,啫係當中一定會有機會就係覺得嘩我好似搞唔掂呢兩樣野喎,遮係當中一定會有機會就係覺得嘩我好似搞唔掂U兩樣嘢喎,26,3
723,啫係讀書呀家庭呀朋友呀或者我地所謂叫上莊呀咁,遮係讀書呀嘉停呀朋友啊或者我哋所謂叫上裝啊噉,22,8
724,啫係呢幾樣野其實真係可能唔到咁樣,遮係哩幾樣嘢其實真係可能唔到噉樣,16,4
725,咁當中都有有唔少嘅,噉咚中都有有唔少嘅,9,2
726,啫係真係真係搞唔掂啦咁,遮係真係真係搞唔掂喇噉,11,3
727,譬如譬如真係啫係成績嗰邊可能有犧牲呀,譬如屁如真係遮係成即嗰邊可能有唏生啊,18,6
728,或者讀書嗰邊真係時間唔夠呀,或者讀書嗰邊真係時間唔夠啊,13,1
729,屋企人可能啫係見到面嘅次數又可能少咗呀,屋企人可能姐係見到面嘅廁數又可能少咗啊,19,3
730,啫係一定有佢嘅犧牲嘅但係,遮係一定有佢嘅黑生嘅但係,12,3
731,整體嚟講個經驗都係有得着囉,整睇離講個經驗都係有得着囉,13,2
732,嗯都都幾好嘅,嗯都都幾好嘅,6,0
733,嗯,嗯,1,0
734,嗯係呀,嗯係呀,3,0
736,我中學都有讀過嘅,我中學都有讀過嘅,8,0
737,咁主要就係咁,噉主要就係噉,6,2
738,其實佢嗰個科目入邊,其實佢嗰個科木入便,9,2
739,都有包括哂大學普遍所有野嘅啫係,都有包括晒大學普遍所有嘢嘅啫係,15,2
740,譬如你呀呀呀等等咁其實,譬如你呀呀呀等等噉其實,11,1
741,都有包含到喺入面嘅咁,都有包U到喺入面嘅噉,10,2
742,但係當然中學就會係比較,但係當然中學就會係比較,11,0
743,係啦係啦啫係比較可能冇咁深入囉每一個範疇,係嚹係嚹遮係比較可能冇咁心入囉每一個犯秋,20,6
744,但係去到大學就發現係其實好多野我以前中學所讀嘅野呢,但係去到大學就發現係其實好多嘢我以前中學所謂嘅嘢U,25,4
745,我以為我所明白嘅野呢其實只不過係,我以為我鎖明白嘅嘢囖其實指不過係,16,4
746,嘅啫係都係嘅一個呢個咁樣囉,嘅者係都係嘅一個囖個噉樣囖,13,4
747,咁可能再深入啲嘅嘅野呢我已經係唔識囉,噉可能再心入啲嘅嘅嘢囖我已經係唔識囖,18,5
748,咁更加就係以前中學所讀嘅一啲我地叫啦,噉更加就係以前中學所謂嘅一啲我哋叫喇,18,4
749,每一樣呀呢啲野呢,每一樣呀嘞啲嘢嘞,8,3
750,去到大學竟然係可以係成個學科嚟嘅或者,去到大學竟然係可以係成個學科離嘅或者,18,1
751,出嚟做野之後可能係成個嚟嘅,出離做嘢之後可能係成個離嘅,13,3
752,啫係我就會慢慢發現其實自己學嘅野呢就真係唔係好夠,遮係我就會慢慢發現其實自己學嘅嘢屋就真係唔係好救,24,4
753,咁一定會有啲越嚟越深嘅野囉咁,噉一定會有啲越來越心嘅嘢囖噉,14,6
754,係囉但係都,係囉但係都,5,0
755,都有難度嘅係啦都有難度嘅係啦,都有難度嘅係嚹都有難度嘅係嚹,14,2
756,啫係唔可以睇少佢囉,遮係唔可以睇小佢囉,9,2
758,嗯其他科呀我諗我比較讀得多嘅其實都係嘅方面嘅,嗯其他科啊我諗我俾較讀得多嘅其實都係嘅方面嘅,22,2
759,但始終都係自己啦咁好多科目都係啦,但始終都係自己喇噉好多科木都係喇,16,4
760,但係好似頭先我所講我嘅時候讀過囉,但係好似頭先我鎖講我嘅時候讀過囖,16,2
761,咁我就真係有讀過兩個啫係兩個咁樣嘅,噉我就真係有讀過兩個啫係兩個噉樣嘅,17,2
762,咁我覺得都幾得意,噉我覺得都幾得意,8,1
763,啫係可能語言呢啲野都都有興趣囉,遮係可能語言哩啲嘢都都有興趣囖,15,4
764,咁如果之後有希有機會其實,噉如過之後有唏有機會其實,12,3
765,都會想,都會想,3,0
766,睇下有冇機會再讀多啲關於嘅野囉,睇下有冇機會再讀多啲關於嘅嘢囖,15,2
767,嗯嗯係啦,嗯嗯係喇,4,1
768,其實係兩啫係佢兩個嚟計嘅啫係兩個科兩科嚟嘅,其實係兩遮係佢兩個離計嘅啫係兩個科兩科離嘅,21,3
769,咁只不過係可能同,噉指不過係可能同,8,2
770,咁樣係啦係啦,咁樣係喇係喇,6,2
771,我覺得,我覺得,3,0
772,都都舒服嘅,刀都舒服嘅,5,1
773,但係我覺得呢度壓力真係好大囉,但係我覺得囖度壓力真係好大囉,14,1
774,讀書嘅壓力好大,讀書嘅壓力好大,7,0
775,啲同學好勤力同埋,啲同學好勤力同埋,8,0
776,啫係個個都為自己可能去打拼呀,遮係個個都胃自己可能去打拼啊,14,3
777,啫係暑假都返嚟讀書呀,遮係暑假都返來讀書呀,10,2
778,或者啫係補習呀去,或者遮係補習呀去,8,1
779,去做呀,去做呀,3,0
780,有好多野啫係個個都會係好勤力去做囉所以係,有好多嘢遮係個個都會係好勤力去做囖所以係,20,3
781,一定會有競爭囉,一定會有勁曾囉,7,2
782,都大壓力係啦係啦,都大壓力係喇係嚹,8,2
784,哦其實就好快㗎啫譬如我屋企去到,哦其實就好快𡃉啫譬如我屋企去到,15,1
785,大學,大學,2,0
786,咁可能係半個鐘至八個字嘅時間我諗,噉可能係半個鐘置八個自嘅時間我諗,16,3
787,係啦係啦咁學校其實又唔係真係好大,係喇係嚹噉學校其實又唔係真係好大,16,3
788,咁我我所讀嘅科目其實都集中喺某一幢樓度啦,噉我我鎖讀嘅科木其實都集中喺某一棟樓度喇,20,5
789,咁就就可能唔使行咁遠囉,噉就就可能唔使行咁遠囖,11,2
790,我諗每一個都會有唔同,我諗每一個都會有唔同,10,0
791,但係暫時好似睇呢我都比較多嘅,但係暫時好似睇囉我都比較多嘅,14,1
792,啫係九點半都九點半嘅堂都比較多囉,遮係九點半都九點半嘅堂都比較多囖,16,2
794,我我諗我嘅底線係九點半,我我諗我嘅底線係九點半,11,0
795,啫係有啲堂係有啲堂係八點半呢咁就真係比較辛苦啦,遮係有啲堂係有啲堂係八點半囖噉就真係比較辛苦嚹,23,4
796,但係我諗我係比較鐘意朝早嘅堂嘅,但係我諗我係比較鍾意朝早嘅堂嘅,15,1
797,因為我覺得譬如晏晝有啲四點半至五點半嘅堂啦,因為我覺得譬如晏晝有啲四點半至五點半嘅堂喇,21,1
798,或者甚至有六點半至八點半嘅堂,或者甚至有六點半至八點半嘅堂,14,0
799,我就會覺得好似嘥咗全日咁樣囉,我就會覺得好似嘥咗全日噉樣囖,14,2
800,啫係朝早起身之後就會等返學,遮係朝早起身之後就會等番學,13,2
801,咁咁就好似嘥咗全日咁樣所以我,噉噉就好似嘥咗全日噉樣所以我,14,3
802,比較鐘意朝早上完堂之後晏晝就自己鐘意做乜就做乜囉,比較鍾意朝早上完堂之後晏晝自己鍾意做乜就做乜囖,24,4
804,我諗有個喺度嘅,我諗有個喺度嘅,7,0
805,啫係當然我會有機會去去溫書啦讀書做功課咁樣啦,遮係當然我會有機會去去溫書喇讀書做功課噉樣喇,22,4
806,但係其他機會我都會譬如搵下朋友呀自己輕鬆下咁樣囉,但係其他機會我都會譬如揾下朋友啊自己興鬆下噉樣囖,24,5
807,啫係我覺得個係好重要囉,遮係我覺得個係好重要囉,11,1
808,啫係我係一定一定一定唔會廿四小時或者七日都留喺個圖書館入面囉,遮係我係一定一定一定唔會廿四小時或者七日都留喺個圖書館入面囖,30,2
809,係呀我覺得會死,係呀我覺得會死,7,0
810,我會比較鐘意去睇戲,我會俾較鍾意去睇戲,9,2
811,係啦我都唔係好知點解,係喇我都唔係好知點解,10,1
812,但係我都鐘意同朋友去睇戲嘅因爲,但係我都鍾意同朋友去睇戲嘅因為,15,2
813,睇戲嘅時候就真係可以完全喺嗰一樣野度,睇戲嘅時候就真係可以完全喺嗰一樣嘢度,18,1
814,咁可能兩個鐘係啦係啦隔離咗個世界咁,噉可能兩個鐘係嚹係喇隔離咗個世界噉,17,4
815,可能兩個鐘或者兩個半鐘嘅時間就會係,可能兩個中或者兩個半中嘅時間就會係,17,2
816,完全係唔需要理會其他野啦,完全係唔需要理會其他嘢喇,12,2
817,咁我比較鐘意呢樣野嘅,噉我俾較鍾意利樣嘢嘅,10,5
818,但係平時都會同朋友去,但係平時都會同朋友去,10,0
819,去我諗比較鐘意去,去我諗俾較鍾意去,8,2
820,傾偈咁就係啦就舒服,傾偈噉就係嚹就舒服,9,2
821,咁就可能係啲室內啲嘅活動囉,噉就可能係啲室內啲活動囖,13,3
822,會比較毒係啦好熱呀,會俾較讀係喇好熱啊,9,4
823,好熱呀,好熱呀,3,0
824,香港好熱呀我同意呀同意,香港好熱啊我同意啊同意,11,2
825,我鐘意睇啲,我鍾意睇啲,5,1
827,可能現實世界冇嘅野囉,可能現實世界冇嘅嘢囖,10,2
828,啫係其實咁樣講可能好抽象但係,遮係其實噉樣講可能好抽象但係,14,2
829,我諗如果我啫係我鐘意睇啲係譬如科幻嘅片呀,我諗如過我遮係我鍾意睇啲係譬如科U嘅片啊,20,5
830,或者係有啲,或者係有啲,5,0
831,啫係有啲,遮係有啲,4,1
832,嘅一啲喺入面囉,嘅一啲喺入面囖,7,1
833,啫係譬如譬如而家好興嘅可能嗰啲,遮係譬如譬如而家好興嘅可能嗰啲,15,1
834,呀,呀,1,0
835,超嗰啲超人呀,超嗰啲超恩呀,6,1
836,係啦係啦係嗰啲,係喇係喇係嗰啲,7,2
837,嗰啲野唔會生活或者,嗰啲嘢唔會生活或者,9,1
838,呀唔唔唔係唔會生活啫係唔會喺日常生活出現嗰一啲野,呀唔唔唔係唔會生活遮係唔會喺日常生活出現嗰一啲嘢,24,2
839,啫係譬如好深印象就係,遮係譬如好心印象就係,10,2
840,其實我今年喺法國嘅時候有機會睇返啦,其實我金年喺法國嘅時候有機會睇返喇,17,2
841,咁我就會睇返,噉我就會睇返,6,1
842,啫係我會覺得嘩而家啲科技好勁喎,遮係我會覺得嘩而家啲科技好勁喎,15,1
843,但係啫係當然我地科技未去到嗰一步啦,但係遮係當然我哋科技未去到嗰一部喇,17,4
844,可能將來會啦,可能張來會喇,6,2
845,但係會有嗰個嗰個好期待嗰個感覺其實,但係會有嗰個嗰個好期待嗰個感覺其實,17,0
846,啫係嗰樣野會好開心囉令到我,遮係嗰樣嘢會好開心囉令到我,13,2
847,我有有啲野係,我有有啲嘢係,6,1
848,啫係俾俾我個生活有啲囉,遮係俾俾我個生活有啲囉,11,1
850,我諗佢地做得好好嘅就係佢嘅故事講得好好啦,我諗佢哋做得好好嘅就係佢嘅故事講得好好喇,20,2
851,同埋啫係佢花咗好多年好多人物好多資源去,同埋遮係佢花咗好多年好多人襪好多支圓去,19,4
852,講一個好好嘅好好有連接性嘅一個故仔,講一個好好嘅好好有連接性嘅一個故仔,17,0
853,係啦我覺得啫係呢啲係藉得欣賞嘅,係喇我覺得姐係利啲係直得欣賞嘅,15,4
855,真係好難揀呀,真係好難揀啊,6,1
856,真係好難揀我諗我個個都鐘意嘅,真係好難揀我諗我個個都鍾意嘅,14,1
857,近排呀,近排呀,3,0
858,啫係,遮係,2,1
859,咁我啫係我近排睇咗嘅,噉我啫係我近排睇咗嘅,10,1
860,喺法國睇嘅其實,喺法國睇嘅其實,7,0
861,咁我睇法文字幕嘅,噉我睇法文自U嘅,8,3
862,咁,噉,1,1
863,大部分睇得明啫係當然佢英文我聽到啦,大部份睇得明啫係當然佢英文我聽到喇,17,2
864,咁但係我都會有時得閒嘅時候就會睇下啲法文字咁樣,噉但係我都會有時得閒嘅時候就會睇下啲發文字噉樣,23,3
865,都有啲到嘅,都有啲到嘅,5,0
866,但係啫係我盡量唔好啦,但係遮係我盡量唔好喇,10,2
867,但係我睇完就覺得,但係我睇完就覺得,8,0
868,真係好似十幾年嘅一啲,真係好似十幾年嘅一啲,10,0
869,一啲故事去到一個嘅位,一啲故事去到一個嘅位,10,0
870,咁之後真係爆哂出嚟咁樣,噉之後真係爆晒出梨噉樣,11,4
871,咁啫係係有有想喊嘅時候啦,噉遮係係有有想喊嘅時候喇,12,3
872,有悲傷呀有興奮,有飛箱呀有興奮,7,2
873,啫係一係啫係所謂百感交集就係嗰一個位囉,遮係一係遮係所謂百噉交習就係嗰一個位囖,19,5
874,但係我覺得佢真係做得好好,但係我覺得佢真係做得好好,12,0
875,咁多年去去去擺去,咁多年去去去擺去,8,0
876,擺資源落一個咁嘅位囉,擺支原樂一個噉嘅位囖,10,5
877,咁佢做到一個咁嘅成果我覺得係,噉佢做到一個噉嘅成果我覺得係,14,2
878,真係值得佩服囉,真係直得U服囖,7,3
879,希望啦下年下年,希望喇下年下年,7,1
880,有呀會好期待睇㗎,有呀會好期代睇架,8,2
881,係呀我好期待睇呀,係呀我好期代睇呀,8,1
883,嗯,嗯,1,0
884,其實我自己係鐘意嘅,其實我自己係鍾意嘅,9,1
885,但係我又要驚,但係我又要驚,6,0
886,又要驚又要睇咪係囉,又要驚又要睇咪係囖,9,1
887,所以有時啫係譬如啲恐怖片呀或者鬼片呀,所以有時啫係譬如啲恐怖片啊或者鬼片啊,18,2
888,咁我就會比較鐘意同朋友一齊睇嘅,噉我就會俾較鍾意同朋友一齊睇嘅,15,3
889,咁係囉但係啫係都都會驚嘅啫係我,噉係囖但係遮係都都會驚嘅啫係我,15,3
890,我都係會驚但我又想睇囉,我都係會驚彈我又想睇囖,11,2
891,所以有呢個矛盾喺度囉,所以有利個茅盾喺度囉,10,2
892,睇過最驚呀,睇過最驚呀,5,0
893,我諗我近排睇咗齣叫嘅片,我諗我近牌睇咗出叫嘅片,11,2
894,咁呢套片呢,噉醫套片囖,5,3
895,或者其實之前仲有一套片係,或者其實之前仲有一套片係,12,0
896,講一啲而家啲年青人去去成日呀,講一啲而家啲年青人去去成日啊,14,1
897,啫係視嗰啲叫咩呀視像通話嗰啲野啦咁,遮係是嗰啲叫咩呀是象通話嗰啲嘢喇噉,17,7
898,呢兩齣戲其實俾我嘅感覺都係好好同我好近呀,哎兩出汽其實俾我嘅感覺都係好好同我好近啊,20,4
899,啫係係我完全可以可以到嘅野,遮係係我完全可以可以到嘅嘢,13,2
900,譬如呢個係,譬如利個係,5,1
901,可能大學已經玩到啦或者同朋友之間平時都會都會玩到一啲遊戲,可能大學已經玩到喇或者同朋友支間平時都會都會玩到一啲遊戲,28,2
902,咁你呀嗰啲視像通話嗰啲更加唔使講啦,噉你啊嗰啲事象通話嗰啲更加唔使講喇,17,5
903,嗰啲就真係日日都會接觸到,嗰啲就真係日日都會接足到,12,1
904,咁係個故事其實就圍繞住可能呢幾樣日常生活會接觸到嘅野去,噉係個故事其實就圍U住可能利幾樣日常生活會接捉到嘅嘢去,27,5
905,去為一個主題咁樣啦,去為一個主太噉樣喇,9,3
906,咁我覺得呢啲野同我係完全息息相關囉,噉我覺得利啲嘢同我係完全識識傷關囖,17,7
907,咁佢佢有啲咩鬼故咁,噉佢佢有啲咩鬼鼓噉,9,3
908,有啲咩發生,有啲咩法生,5,1
909,咁有好好可好有可能都喺我身上可以係啦可以發生囉,噉有好好可好有可能都喺我身上可以係嚹可以發生囖,23,3
911,我真係真係會有驚嘅,我真係真係會有驚嘅,9,0
912,係啦係啦係啦,係喇係喇係喇,6,3
913,係啦會驚嘅會驚嘅啫係我覺得,係喇會驚嘅會驚嘅啫係我覺得,13,1
914,呢啲做得好好就係搵啲好有好嘅去講囉,哎啲做得好好就係搵啲好有好嘅去講囖,17,2
916,係啦係啦咁呢呢兩呢樣野我覺得係,係嚹係嚹噉哩利兩利樣嘢我覺得係,15,7
917,係最緊張最最令人擔心嘅一啲野囉,係最緊張最最令人擔心嘅一啲嘢囖,15,2
918,啫係譬如,遮係譬如,4,1
920,係呀我又會鐘意睇嘅,係呀我又會鍾意睇嘅,9,1
921,我又會鐘意睇就有個矛盾喺度,我又會鍾意睇就有個矛盾喺度,13,1
922,睇書就比較少因爲,睇書就比較小欣為,8,3
923,我覺得我好似冇試過睇完一本書囉,我覺得我好似冇試過睇完一本書囖,15,1
924,啫係我可能集中力唔夠好,遮係我可能習中力唔夠好,11,2
925,咁就睇書比較辛苦,噉就睇書比較辛苦,8,1
926,但係我鐘意聽書,但係我鍾意聽書,7,1
928,係啦我就咁樣,係喇我就咁樣,6,1
929,係啦但係,係喇但係,4,1
930,我諗都比較少機會呀因爲都比較忙呢,我諗都俾較小機會啊因為都比較忘嘞,16,6
931,好難會真係搵到個時間係淨係,好難會真係搵到個時間係淨係,13,0
932,專注去聽書囉但係係囉,磚注去聽書囉但係係囖,10,2
933,聽歌都有聽歌都有,聽歌都有聽歌都有,8,0
934,我諗聽歌就可以半聽半唔聽咁樣,我諗聽歌就可以半聽半唔聽噉樣,14,1
935,啫係你你聽到有音樂就得囉,遮係你你聽到有音樂就得囉,12,1
936,係啦但係你聽書就唔得囉因為你咗或者你咗喺其他野到,係喇但係你聽書就唔得囉因為你咗或者你咗喺其他嘢到,24,2
937,咁你咗嗰一段就就真係咗囉,噉你咗嗰一斷就就真係咗囖,12,3
938,咁你就重頭再嚟過囉,噉你就重頭再離過囖,9,3
939,係啦,係喇,2,1
Total CER: 1704/11357=0.15,,,,
